x1,x2,x3,x4,x5,classe,raio
0.2669473541653323,-0.9110779276259482,0.6574326628234568,0.8239815853586044,-1.709204098156652,C,2.221230714810098
-1.715474426329876,0.16841529230759633,-0.4166138975638477,-0.022133627414238757,-1.123789027992434,C,2.0995654394700116
1.2472086528786137,1.1031056014854967,0.09364822265687532,1.598713014356396,0.6630464404347662,C,2.4034673423819357
-1.1763544151472312,0.5048125425061406,-1.3126913476096964,1.2025811176824452,-0.06834758636409294,C,2.193781375699369
-0.3099911891390559,-1.1418341469923556,2.0500497563660627,-0.2591267199276189,-0.7182524792353158,C,2.4870900749804545
-0.8804112931902778,1.330889992675527,0.9136905042118213,1.0319222687335807,1.077147224017159,C,2.3677694706587937
2.270284737572151,-0.43082615853472395,-0.5430103670047062,-0.8626516351442235,0.6529779601290439,C,2.6086801810947837
1.3752364519815286,-0.1388029612311725,-1.0234208757263923,-1.0043263498167652,0.7925074184562019,C,2.143518433562502
1.5066371666855205,1.101018251330462,-1.3490427617347283,0.47061004371203513,0.23653170569031845,C,2.362103760597582
0.35693942435924436,1.4223297008775433,0.3649484594197691,1.1081099792910059,0.11030128924366603,C,1.8771491707656858
0.2972326590819448,0.6490034181840353,-1.4980464852752726,-0.32864182099287126,-0.4835722384190312,C,1.7594156753763976
-0.816528948336555,-0.35165034075732265,1.9106357499221887,-1.1065905200469404,1.2375249959683843,C,2.6827070561675894
-1.7964817480196447,-0.3574934045412298,0.17374066361336118,0.6257987019145866,0.7592420939842032,C,2.086481870529075
1.3975083685653984,-0.6142911768929937,-0.8144485425818845,1.5113539455166658,-0.3369891304876584,C,2.3219522263449517
-1.3032618114526016,-1.157784574779836,-0.9393273486410784,0.5079074691208386,0.14550443897768894,C,2.0494960057645555
1.1262203425845316,-0.6968730312562915,0.25858712881568074,1.0203730226294376,-0.5045615578790004,C,1.7653937396320143
0.5966911368611868,-0.8646820357535875,-0.47426172576071723,-0.4986689277879887,-1.5621401051551487,C,2.0043931570329607
1.330265342825043,-1.2822688953702823,0.03413025127368965,1.3132582317378412,1.219791613286437,C,2.5743976071070858
0.7920089796049137,-0.11722743271580237,-0.5038526706859084,-0.09488871636063123,-2.008436926630997,C,2.2220960297117696
-0.7891893639031613,-0.7213402452133236,-0.5438530898786709,0.21801869150119946,-0.49380711820602585,C,1.3154107361078162
-0.39405618601639797,1.353833007317871,-0.3712372368759149,0.7685122943388633,-0.9728562975165687,C,1.9139022173695381
-0.25573788506409284,-1.1826300585388592,-0.4220435771216177,1.0460532538746756,-2.15024592601443,C,2.7129175170818853
0.5066663614452501,0.27726997461862435,-0.6929544482170303,-1.686530837829465,0.0841243237313939,C,1.9144812552600174
-0.3940111094597387,0.17314121726595622,0.016260824661761136,1.1919308184515456,-0.17811156739594364,C,1.2798085233063274
-1.4724967512272722,0.25792226356231185,0.3165072750685083,1.9554510912607004,1.2014671314655514,C,2.7572195541690174
0.36460088833271503,1.4949980402164422,-1.2145116688816229,-0.6536085546097854,-0.946645581598265,C,2.2729570039251166
-0.3559692234002511,-1.2571718177535818,0.5800115529396024,-0.20293086594476809,-1.3431211072367437,C,1.9719948564748797
-0.49705770978792474,0.1534439591007575,0.4102066299501297,0.9772655841896936,1.4261398553704698,C,1.8514329055671723
0.39763681820304936,-0.9494880134112255,-2.045754829058204,0.25687623286314387,-0.780038494708715,C,2.432940771916694
-0.5634476599299952,-0.8303322034907753,-0.1909881037265709,1.4460420562026568,0.21304225616318082,C,1.783206639909523
-0.19169972663713722,-1.2515191808657655,-2.0237437671109157,-0.5876709994545481,-0.06499266165101884,C,2.459302569806396
1.6327927821263728,0.12031658988402762,0.9076208100691464,-0.46113041200338184,-1.0943689646122021,C,2.2168781142897025
-0.7460313819305594,-0.5605968358545639,1.6452985566358371,-0.6349286048910032,0.6481487876662413,C,2.09787277019494
-1.3635727182755841,1.406832772636596,0.5813410516315104,-0.23654971195698024,-0.06155830715388669,C,2.0582059221342384
-0.6342595508869728,0.43208746308168394,-0.44071936585902743,-1.187181993060721,-1.2378731573720523,C,1.9300127853143285
0.25664080997214445,2.34813227028792,0.23790991767076106,-0.1764169619080897,0.4250277362805591,C,2.4182560480837063
1.1835841684336754,0.19881876658624573,-0.3724091241696697,1.0025911613506344,0.38856711784622666,C,1.6538628671592663
0.7122403624994188,0.0849789697513666,-0.5678742401574152,-0.6345136916973136,0.7656538636613502,C,1.3512299492679163
1.5169824059763015,-0.15799321457797325,-0.33723964997826006,1.2862037295946394,-0.974300760305681,C,2.2457760491569894
-1.7052112709560527,1.2260813387440013,-0.7520563130668027,-0.009761485541805778,-0.31149687761411526,C,2.252495331226859
0.2854377656952318,1.190102983709365,0.07659449897434484,0.5444855100936767,-1.7335327734009636,C,2.1920964610047062
-0.06003054485586694,-1.0390236657854686,-1.5018146982659026,-1.0820544797183265,-0.41170505188486045,C,2.1630913478472156
0.9996848859959258,-1.447724721244297,0.03343351368297925,-0.5284589160760862,-0.35764704740151493,C,1.871783848664981
1.2248463870317494,0.6572960411653279,1.6336020508508544,-0.18872525173028737,-0.8500784256930262,C,2.31499308175421
-0.3855273329409906,0.4176254591546805,0.3040928068043528,-1.8675218925342656,0.155840563510304,C,1.9817767492981833
0.12581353340731485,1.3877869751338536,1.0346325193638735,-0.4703603655372928,-0.15842343558736938,C,1.805154575673929
-1.2829132465864401,-0.5178379820409746,0.27667228307425984,1.0571007130722234,-0.6391447779544684,C,1.8752434750978397
-0.7219663878900587,-2.369913538619416,-0.17953063701829017,-1.172562362783927,-0.584330124830229,C,2.8082558795103325
-0.3525193631280665,-0.03789583981778383,-0.7066495714040641,-0.5897878756374805,0.8560091345892464,C,1.306009567181827
-0.7070256106915337,-0.6023317476979232,1.0087945698945886,1.5954022551006772,-0.6433999397395587,C,2.19991524171832
-0.23659336658878233,0.21944333088937104,1.1106573093143675,-0.6340380175515429,-0.15758662788145247,C,1.328355828950513
0.9020814588348307,0.5045355155654896,-0.4365200241624161,-0.1552983141093432,-1.5955333368083218,C,1.956706664670811
-0.5154481268793151,-0.5765074288113129,0.5024547741012146,-1.2018217036375312,1.020488842058029,C,1.826549005938325
1.088732265745527,0.16709615975001874,0.3781599386207151,0.057145292871527455,9.072780340928435e-05,C,1.165988681328049
-0.568442154565662,0.24933362480893279,-0.07664221177192998,1.6489943262843811,1.2394862354565763,C,2.155615036173505
0.38352860263992633,-0.7584731894830163,-1.105728727090154,1.1839872335665653,0.26117077500815317,C,1.8479847751231215
0.23597801829593626,-0.8574187233334863,0.45581193748275006,0.2233357995293206,-0.5457478547287423,C,1.1603174629755024
-1.762051343340738,0.9854905762255024,0.1960643237932289,-1.091820880463977,-0.3867275674249416,C,2.335827236309701
-0.21745820895403528,0.1316624963376359,1.2699076846279678,-2.2150438723249843,-0.20440340588144926,C,2.5740024711955733
0.24667891921153115,0.41365631325773816,-0.5197565488366575,-2.4550466606698267,0.4583789106724569,C,2.5960497369186286
1.4877243419630928,-1.3210771797053456,0.7439938656969247,-0.2829507110839593,-0.05281715386748272,C,2.1435825762605885
-0.8500124681941674,-0.2700088504987248,1.0495352623907963,0.4703817275010827,1.3985074994658595,C,2.018423255430846
1.2709728963125126,0.4739779454205414,1.882513278872505,0.47387699380837883,0.8937828308239648,C,2.531262648358319
-0.4618169251127349,0.10362438968797937,-1.0860204674063176,1.5409688790108447,-1.8348410375003827,C,2.672953434136039
0.7903014935150484,-0.1925886745584295,1.1831506641665477,0.7585001898186075,1.839149674433912,C,2.45342748115025
0.5500261088686317,-1.1832144644398397,-0.050393087790473835,-0.8821249059741636,-0.3900893783795339,C,1.6233849591080796
1.5328358625021885,0.6466492208479612,-0.7089236827000279,-1.0282114202628874,0.03325080874746143,C,2.080537941285969
-1.369988892013307,-0.7557823799207777,0.35135912551927034,1.3010163591834019,0.6855365558845645,C,2.1758064577165714
-1.0254239921113142,0.13621366709745447,0.032237285577843104,0.18522889714736676,0.7233045748381826,C,1.276153212433108
-1.4541568126818607,-0.41660581931059926,0.41646690283269766,-1.1146973651667471,1.0402392140195018,C,2.18774426384831
0.6205437602970062,1.4261788491616085,-0.961827518286988,1.3708888689753573,1.799976800369372,C,2.9091967303917556
0.5391878344435034,0.5427137762996727,0.6259319177434504,-1.9989231418134323,-0.3415765453959565,C,2.255974466320317
-0.2600728365823842,0.6537416355963034,1.7048440240069263,-1.8049561401750156,-0.21315836152786766,C,2.5893652325767027
1.5026471276518916,-0.754224936378697,-0.834011947672316,0.20520009428680763,0.8564637549331574,C,2.0731658920514824
0.012008560617390425,1.3967115531393985,0.9004736955499087,0.8847364034348908,0.5823655906380614,C,1.9707126704064715
1.43108701654843,-0.12613745114583017,-1.231805005271374,0.9863272098694684,-0.2814026338488877,C,2.15250855603239
0.062207120394461725,0.755126451432989,-0.9239112128320077,-0.7217375624790107,-0.9233451903721304,C,1.673669340806227
-0.7200063586211972,0.39859801874152306,0.4752566841203553,0.25048492096116565,-1.2808889763909856,C,1.6144899251062446
-2.313193237971668,0.0544262842047543,-0.4724070418422715,0.4600002077414539,0.7028925007408426,C,2.506521822867746
0.294976749206693,1.6219564796857968,0.489086556836025,1.1310412616468826,-1.5036174411590022,C,2.5489369371466073
-0.2661701780320897,0.2916069060554796,1.2159595302066553,-0.5834938641924001,0.7723294320976816,C,1.6035574737650595
-0.25034921196386173,-0.11069335950220835,0.7811856087047253,-1.8769310893070772,-1.2209310135963376,C,2.3871995218215454
-0.9849648619837935,-1.55077083027207,-0.4507308207452037,0.4980254554422479,-0.1893155846832714,C,1.9652160097575917
0.1923227620872055,1.0591093113693955,1.2909861891743863,-0.0672268216939471,1.3161700245454475,C,2.1359234297961724
0.10005994076054911,-0.9095089097266363,-0.6455858167437294,-1.6080296220343195,-0.9646135255799665,C,2.1840874557740255
-0.3564528970976308,0.8000750181852121,1.713253633109415,-1.3761442465735403,0.39111162631521135,C,2.3977401872497275
-0.8988614616670725,0.41006141377422267,-0.11323763851588016,-1.5816061435411544,0.8018982757979116,C,2.033087280745276
-0.9999560372178233,-0.8824398968972031,-1.76810598624143,-1.0814111433637617,0.7072250005364005,C,2.5640647981207745
-0.27496731893026854,0.477537712117037,0.5258634490451075,1.9188885270636475,-0.4980597485939026,C,2.1237651359039695
-1.5134512148144306,1.0936659199108114,-0.3397017444974598,1.1422096765357228,0.39287638326436647,C,2.2496737089878134
-0.07603073510121934,0.20221280337372421,1.1311553520041115,1.2041888860497112,0.040225698151570406,C,1.6666949633851011
0.32348556363569686,2.173337065156338,-1.7077103602957389,0.672595406420054,-0.052226899060281946,C,2.8634636042819333
0.230665506770791,-0.6123746717510822,-1.1680433260665706,-1.5232662203073466,-0.821074324509126,C,2.1879299692819867
-0.42101913742531377,-0.2691212562881988,1.778189101920742,1.0151939506792378,-0.883105729100456,C,2.2851989701380395
0.5323760336972472,-0.6232770453091704,-0.4353891634085744,0.28375190042883325,0.9480122243555398,C,1.3567256755153834
-0.18589665825611895,0.582937359596228,-0.625724956807175,0.0034734886984453834,1.4233951041854458,C,1.6709191907683596
0.35540941121141084,2.283389419128905,0.14580944130432208,0.925290853696949,-0.09046667101328737,C,2.495153475167492
-0.255465666639154,-1.1685571073335204,0.6450841140447827,-1.2765776863750788,0.9978087532158818,C,2.114756447317042
1.0289238124875482,0.34749600003134734,-0.2713827190810465,0.43038937413509015,-0.2926424584685282,C,1.2344881060684296
0.6960006889083802,-1.3624753490113826,-0.24967524676768138,-1.4810654454252667,-1.1122511517318883,C,2.4153159715935275
0.644569195098697,0.42306961119721054,-0.34003052853885146,-0.7100918422130018,-1.4010535119190095,C,1.7824868782589107
-0.5316806329214672,2.3677983844602952,0.42543046138302676,-0.5474079231009601,0.45496997958080754,C,2.564526794350684
-1.7232720567796482,-0.3282400467518557,0.10982147550459594,-0.09505368741523039,0.8730368041046983,C,1.96486572855852
0.3382828327231534,0.6559882492999081,-0.6756644452740254,0.8812411038927201,1.5988656247692654,C,2.081882674408212
-1.0204954379056672,-0.9337626299406774,1.4051048767518317,-0.2012737846462607,1.476672716132513,C,2.47158183143666
-0.32991109885343134,1.084738862987507,0.09802289202932428,0.19251001121187397,1.1664998508654885,C,1.6410028116581346
-0.2946109709911356,-0.7664110583607597,-0.3652922090622971,0.368362132125048,-1.2750896752332912,C,1.6028612768664243
0.4234848770511797,-0.35791673667169954,0.7625152795006328,-1.5905557832248336,-0.5225316311338446,C,1.9214006318407568
-2.0478931724706526,-1.0032977390190483,0.300742891328039,-0.2176364743768937,-0.3076786200356912,C,2.3308691198484888
-0.16427349704066962,0.209889905076572,-1.0407756783996875,0.7294453385284022,0.6838492589234059,C,1.4676490989546036
0.23683627988067663,0.34232291761369027,0.182326284595603,1.2517706521007566,-0.05357149894614006,C,1.3327861600443613
-0.3547437408726693,-0.8704780227210771,-1.1924738945682787,-1.437618700684287,-1.026742149841577,C,2.329488370817517
-0.10097293732187726,0.47756902647991617,0.0730607808276864,-1.093632260874062,1.285990220148245,C,1.7588086749731984
1.1796640697572236,-0.25470400916615127,-1.0416669138609018,0.8749656819395908,0.2998943560578727,C,1.8431095948318865
-1.0484134500481324,-0.04921626483335056,0.18970837541172744,-0.6513599609145941,0.13744259363914182,C,1.2572758392239338
-1.0573882246654591,0.9711614045229567,0.9070299865068805,-0.18353363281194626,0.2641644193219346,C,1.728408274259207
-1.613986328641997,-0.7744355797868984,-0.1967512506619151,-0.7180348839611701,0.47844958158764006,C,1.9969730813475401
1.6038916143472628,-0.9448584387734686,-0.6725093197012268,0.1890724074920503,1.2937766828995916,C,2.372151143049157
-0.6801060150497115,0.13855900194244136,1.013336333178784,-0.9190076399396163,-0.712762747329388,C,1.6915079335061445
-0.5427511520809941,-0.667010279178476,1.0411553511773748,0.30962947542333885,-2.2741918753806796,C,2.6629504480929986
0.5117421583608739,-0.5734284661103283,1.2653768062186945,-0.6231209122847676,-0.632084407273698,C,1.7261775903280798
0.45559694571438614,0.6423335251854007,0.37726996078157027,-1.419161206204756,0.4529893331421119,C,1.7267632793659304
-1.3519949177726918,0.30754097546249076,-1.8610332944826153,0.5834096275193401,-1.0543450933589804,C,2.614943020759121
-1.2338424336307152,0.6866659763114631,0.2324522143843643,-0.5906207435371756,1.3959751066649324,C,2.084584060945567
-0.8388672361716522,0.061123176466274284,0.5119288345674846,-1.1796541311640636,0.896899190742342,C,1.7791901083953696
-0.34055439011091115,-0.26278867927697414,0.8699070040722003,-0.664307037647853,-1.540311779371678,C,1.9379467475277625
1.130796439422768,1.789499515285295,-0.28447856359162044,-1.3595625197344885,-0.2179440759429604,C,2.541229431016824
-0.5276331628377353,-0.35011209615667904,-2.0524575487463794,1.0683828072938995,0.9668948122712478,C,2.5864811278502726
-0.9398356413851712,0.4397266713078448,1.2909390067752082,0.10814630725781982,-0.212144685380897,C,1.6732827282918976
-0.14896521725029765,0.645421009225641,-1.8155213794206135,0.17245029899580872,-0.40960725644711865,C,1.983026475968357
1.3480002577101882,-0.12706013199787555,1.216734763225236,-0.8051859535526054,0.42840934755311966,C,2.0360627310670294
0.3266979358130556,-0.8889032796385499,0.18144926928121133,1.2402225233797983,-0.33118971214427867,C,1.6055039557933612
-1.7162979364312223,-0.01781543041504555,-0.9154025333480426,-0.3472647855867628,-0.08276123637676658,C,1.9777259789400023
-0.9619294515016819,-0.9111759862672492,0.2718691901725887,-0.2947954477324705,-1.4464279967535045,C,2.0021291441806803
1.0114158307641543,0.35099850346861805,-0.9199589530358813,-1.6969778195024932,1.07709213344266,C,2.4560837915746943
0.3496787087794672,2.384839859845571,0.42058321112788083,0.38806724554439276,-0.1670846974073886,C,2.4829700113244804
0.8686671940922608,0.6647980549397702,1.3312494830336805,-0.5544435568360284,-0.4630697391993996,C,1.8683162406563967
-0.4908977342949597,0.8102696804622904,1.5352614270262839,-0.4701362298667712,-0.43523080877283826,C,1.9144187424556753
0.27250173841831005,-0.21322920256570332,0.8260270272118558,-1.9537017637386398,-0.7172712483520728,C,2.265716920822254
-0.4946356149524054,-1.466905371573809,-0.6092023822008169,-0.5785523492933752,-0.12713630856103053,C,1.7659246204291954
1.3365199741586735,-0.2942843600607703,-1.2378664405645208,-0.06839462244199754,1.2599141734028925,C,2.2354560606949607
-1.198047820119158,-1.1177851326555444,0.685652255032781,-0.27194883241641093,0.7948261847287658,C,1.9648374050523143
-0.01734833601929797,0.8919823004685583,-1.315831823182569,-0.015362481211370944,-0.2678373950383315,C,1.6122405689045518
-0.8338473320513355,-1.0722194645148548,0.47028067418289515,-0.24068006577575166,-0.701070851473278,C,1.6172653148481415
-0.08015491958412337,0.9400838030917538,-1.9007525393421607,-1.2472892472425199,-0.7691277414966669,C,2.5788234784124406
1.2231192481411128,0.23654706891464425,0.6423036273068977,-0.9544025019275576,-0.9371377517260376,C,1.9374314083426807
1.5135049700518115,0.1969535237614339,1.8546080626768289,-0.6342837811746642,0.9400603345932754,C,2.6561416375593248
0.09481926346168465,0.46640372995965396,0.4839386146673919,-0.9713885550413708,-1.347619418275161,C,1.7945454957140359
0.8056992956415274,0.9552819242298317,-0.8208824815819085,-1.4958572113992206,0.07965325891843539,C,2.1164820804525974
1.1956079032544111,2.308906270744371,0.6631543915592308,-0.4774486131192888,-1.147174664272187,C,2.957070689207297
0.006192697816269723,-0.16183815167210072,-0.5489344769098079,1.107938301640192,0.9653940169488346,C,1.5770453021346882
0.7562621625246478,-0.6130056953451284,0.5691822652967093,0.4257962344895918,0.2946005005075542,C,1.2408742000400894
1.8038731761606663,0.917148769146238,1.0681995139420395,0.9193647215795323,0.4919273150763573,C,2.5146360525148928
-1.0550177665364138,0.049462419725532794,-0.3289912181051192,-0.7570343816297964,0.9948056411281249,C,1.6692763578427707
1.3277951614146448,1.0438238286073716,0.19599309033171675,1.037222864676625,0.009256331989051195,C,1.9917174543575067
0.20353314527247113,-1.097439130840538,0.3984318235752159,0.06060504426109732,-1.3073789085876246,C,1.765632715819366
-0.05367555029972152,-0.08358925070815537,1.8845806217096464,0.9375019564627723,0.011999509735180576,C,2.1072651123821267
0.35350811643951097,0.06282247482567736,-0.2883255605829031,-1.5380479013884425,-0.21463339420395414,C,1.619785517125703
-0.6011125802492587,-1.0073477494772851,0.41187854452459727,0.31523208531279895,-1.4395052564898378,C,1.9280239648466777
-0.1499210277026232,1.2167503454943303,1.2943748683176297,1.2535759723516955,0.04755206592270669,C,2.1799261306226136
-0.6914002317942736,-0.8866620471486686,0.2819492672593517,0.31031980770218137,1.0532701613755497,C,1.596676445490295
1.1063137951519764,-0.132990084670525,-1.2513705388685106,-0.3209441468188698,0.2184821032657202,C,1.7199663881416445
-0.36069059463606695,-1.0314609164038027,0.45136435784253903,-0.8994947456953962,-1.12101094166973,C,1.8610468665605873
0.34211845032152555,-0.4415727307864682,0.26813888356717525,0.30010366458476834,-1.2516170706125704,C,1.4284738263094887
-0.25875736935971577,0.7730747856928627,-0.6248357066551107,-1.1380987822901176,-1.0010909918473714,C,1.8309756068805012
0.02028452508443961,0.021543917991917978,-0.08195413003558451,0.8460772670023136,-1.862496619910804,C,2.047518615961161
0.3405278894154659,1.3429344889401489,-0.9699619769690447,-0.3266573491141391,-0.6475341265012676,C,1.840180423364629
-0.6669576186778823,-0.24330954543782318,1.0645456416781716,1.3702291714133605,-0.25052632203826747,C,1.8914494028273101
1.4626484178372205,0.02731455803318922,1.3464316700557908,-0.07163192076269499,0.10062229030682569,C,1.9920393316373657
0.18033375240280114,1.5685216212077833,0.420044445151062,-0.348981053875669,0.4781264769425864,C,1.7377026150270747
-0.7294944692143571,-0.9873906105903182,1.8318409729068632,0.06267198780425753,0.5616398970922964,C,2.2764250263467503
0.016990616701991163,0.4089141343336932,0.5162901771815621,-2.3532170626269147,0.8098177365691096,C,2.5743912499207102
-0.9474587087864041,-1.391539565375408,-0.056355547117915995,0.08102541696848471,-0.6690992478892223,C,1.8142478431218207
1.0523783852164217,-1.6996654475156472,-0.5153338000891499,-0.7406561998752635,-0.05899585663169967,C,2.1940792925910833
0.23282257592374872,-0.8414854311070427,0.6047004508864359,0.0526004027498071,-1.5795776815327138,C,1.9041531378261412
-2.129480114590635,-0.013394161118904608,-0.240246893504796,-0.11244360143902365,-0.030423948307676044,C,2.1461949380154013
0.2717403034816437,1.1416686283056838,-1.3385892791506937,-1.4119176402071922,-1.3171677972072202,C,2.6263118124813016
0.1921088639561147,0.8278007251733107,-0.2868097928433955,-1.6634509865090779,-1.1330330514793616,C,2.2034638172072394
-0.9538620598198517,-0.6386230173162385,-0.46762214262621943,0.04417700736315818,-0.3569626513720891,C,1.2906341844761278
1.0353111543839266,-0.6669797366803375,-0.8507897663448454,0.47247352678805105,-1.515112312697707,C,2.1815982525787834
0.5523535022677373,0.14536006136798493,-0.20898667992560713,2.251240810044086,-0.8819239846621354,C,2.493145497323604
1.4789779646643681,-0.16182519147988375,-0.9167018685186579,0.05019153104601742,-0.772578920187244,C,1.9113615320007589
-1.165345705106765,0.6154671790091651,0.8612439833035935,-0.9644626768867184,1.5306410296998574,C,2.398253922447133
0.662248234392019,0.8217554446151953,0.302894811462742,0.7800623806114071,-1.0760666004541484,C,1.7239537835392216
-0.4044226045579285,-1.1029547061565046,0.1516723499274428,-0.7269651493408958,-0.2113765428832663,C,1.4057843361910904
1.9849934241185514,-0.17899116781362376,0.4363967648342571,-0.24495762714357644,0.0798493170286153,C,2.0564676075330555
0.0037346994930366815,0.2782856227277643,0.7233346541305617,1.0225774150800775,0.1921886952824708,C,1.2974093117014744
0.616653976305166,-1.2037807214113858,-0.09191727395887699,0.9835235349937994,0.9057854716635043,C,1.9040915948425634
0.330288553470512,1.3835175482890012,0.7660074244413191,1.8734838541006251,0.45164282437507336,C,2.5147369050582014
-0.09313763792480081,0.08793817687391128,-0.7673599394038297,0.10025651379526926,-0.9553167328597977,C,1.2360948377014875
-1.1182488354695816,0.2931247102394322,0.3098392591375399,-0.7542281571644798,-0.462038982461155,C,1.488201281634441
0.8045735073477843,-0.28414897756194113,1.316702147140038,-0.0011270461930857996,0.23953686951756784,C,1.587187101935369
1.671311494763196,0.1354385508380128,-1.03609100261023,-0.11342176700801929,-0.03680968217861851,C,1.9746720561156157
-1.3854173826967058,-0.25970790743809746,-0.7534362468276519,0.9383617057280746,0.03513624140261989,C,1.8537132857415166
-0.586950738004104,-0.22038366110340535,0.46309618784306894,1.2802156708883399,-2.074931579339346,C,2.5596545526784356
-1.1467880956295577,1.216251935062722,-0.45398294068017936,-1.5599432964540212,0.488637840801539,C,2.381739331636679
0.5613919556475402,-1.8545257386715683,0.278026723692865,0.8911897698627772,0.45358488955254905,C,2.198109178427439
0.7765834311629517,-1.7255760532426423,0.40678454357488997,-0.3718613554127393,-0.5932560488364631,C,2.058252125737554
0.6678967084313318,1.1349103559326272,1.376653989943462,1.0087303327856778,-0.08418887652916068,C,2.1572919107939312
0.48945584979577256,1.0640898357828223,0.16815385784012438,0.1814563028321092,1.143089710905677,C,1.6552070578746498
-0.13188944814296324,-1.62248580358778,-0.9221016197438506,1.4102961911455258,0.0066593438545347345,C,2.3428841414226445
0.4438936899864784,0.8742951930524506,-0.48907960212449275,0.9867252894498361,0.4943001458135119,C,1.5551822982563195
-1.0395509923049178,1.2142318483471686,-0.42156153087588,-1.393373640597599,-0.8797900158474212,C,2.334150797560892
-1.9864200092953865,0.10150199826990783,-0.5327698957128529,-0.655298889862135,1.2056160015647879,C,2.4744570008475324
0.3104692602552687,0.288703330126217,0.3743699970832974,0.562826543003868,-1.9255726934062725,C,2.0843458408352347
-0.2875411623357045,-1.7201820395746577,0.02845122102510322,-0.0036554072196860773,0.8249231898257421,C,1.9295147764152094
1.7233494773956928,0.2942422984517438,-0.7260626725918478,0.7040063464672186,-0.7660493750996142,C,2.160123963323869
-0.0007703121239103891,0.5454579208682212,-0.3085179943893741,0.4456420353765712,0.3746885048295919,C,0.8553926519597307
-1.1810930109592892,1.2047228805420924,0.8641379339519515,0.1260839808759849,-0.9430065195493936,C,2.1209032873941847
-1.0781779700778151,-0.6746879481979814,0.6808767447619238,-1.1991699090425894,0.5490139243707624,C,1.9546584008640773
-0.7988068277796888,-0.1312749368084775,0.0705351198102113,1.5729236627174161,-0.886011073879642,C,1.9797487547772037
2.0958820429894947,0.2133484490598233,0.5854343151005647,0.16850598638235445,0.6332104134769038,C,2.282613005159131
-0.15057207370724127,1.4245970811895374,-0.4472249087428168,1.1093001378615988,-0.6313148819594832,C,1.9700924313741086
-0.05005224471775659,-0.8904977224790074,0.37799602773221647,1.2004909785225117,-0.06426110856482353,C,1.5439172573395368
-0.17642052579243833,-0.9987587314675271,-0.2054589579961114,-1.4272321587046266,-0.8179893992375591,C,1.9434389316698488
0.1322252687515123,0.7690370618050221,1.6378814635137977,-0.34200239322398157,0.8368369756761951,C,2.02702219363233
0.9334349905775388,-0.5791934731615712,1.6565935957063045,0.23710533023157004,0.42275357742757597,C,2.0459735646324053
-0.3767685436389885,-1.2900341885618956,-1.4243012138731395,0.602748308782267,-0.25531085754752764,C,2.0647677469140273
-1.1957517676299811,0.01706225060536818,1.5946306786088988,0.36180929357169866,-1.316043379776593,C,2.4157476179674218
0.7399064481230935,0.9528306682804689,0.2983998697455804,0.5874778184340311,0.7493594460608957,C,1.5655861787863412
1.2530069642295611,0.6808875419001951,0.663422237433385,0.5761779588632391,-1.2166822228452288,C,2.0702801824659396
0.7610822435434903,-1.472601453043432,-0.8630448845665815,1.4158519191211874,0.9125952813657586,C,2.5159718794472967
1.0124574683700456,-0.18492609587921505,-0.784324516749162,-0.16366324846268432,0.06945170612003375,C,1.3061554012251217
0.10302457617622507,1.478653613516297,-0.47120315591370093,0.45915674969067455,-1.2894613026546788,C,2.0718586723120214
0.8602069411689565,0.00593802764635785,-1.432311549259842,-0.45048694368444586,-0.3518169594459881,C,1.7658485992107826
-0.18052281085003807,1.1836440078461683,-0.06578349667902253,-0.16297603333551733,-1.4015567404438487,C,1.851715846210758
-0.80934156912852,-0.23810613687551557,-0.6207610347857422,1.2505750363444141,-0.14928416507898123,C,1.6380769987142312
1.9246052419276622,0.09217089696151286,0.05560883923421842,-0.13263911793037325,0.005670626241067528,C,1.9321797137198227
1.323153564164825,-1.7856703068892985,-1.540819225616606,-0.41814086018809477,0.01118377626846198,C,2.7365022457707617
0.600631610352853,0.4117509110099238,-0.3344279983480468,0.8869235329146332,0.8966294111001025,C,1.4942278555291144
0.2080591816546567,1.0881892140180436,0.30819851565028455,-0.6347010516116728,0.7888129478879163,C,1.532155999008469
0.051235919542680516,0.000620616061747875,0.6822710448403566,-1.1352422231635289,-0.656670297211456,C,1.4792261719345983
-1.4507139948497143,-0.4439393767190342,-0.311155620488994,-1.8420966131714962,-1.2039576699564725,C,2.6909673146512403
-0.4861915836162108,1.38791945226464,1.0175991621889813,-0.23255042876234414,-0.20534686005658473,C,1.8150641177914852
-0.9352100585481814,-1.5528163492609057,-0.09511585953553583,-0.8120413903495687,-0.06905046525910288,C,1.9897443758609303
-1.5792717721808842,-0.7520062208568485,0.14668273855723263,0.36141880172953555,0.4120105425888948,C,1.8388868235575044
-1.142552405469501,0.7395163826453484,-0.692382753515303,0.5475799808482156,-0.009205109400354659,C,1.6222308486387633
-1.6513785994160712,-0.37937145090293184,0.43836046538556217,0.7354309103917235,-0.16915614009307078,C,1.9059397413542258
1.6436749199855878,1.081109157494752,-0.2754026294694556,0.8049180055352755,2.0750565708528113,C,2.983297442294624
1.6233313401961265,-1.0168152769473806,-0.7671930891321928,1.229550695368021,-0.8762837493721057,C,2.556828368389702
-1.3616748366723754,-0.5005805088745647,0.4326611260588884,-0.10542660280321357,-0.6698136558943633,C,1.658824872883091
-0.5744398896014238,-0.6069226658813086,-0.7493563864096495,1.9439880045839186,0.2534842302527243,C,2.2590296412246746
0.5041650742149762,-0.27806400936787795,-0.1057252942482881,-0.4056896788220202,-1.5076234325776807,C,1.6673908909334494
-0.48498704604069953,-0.6372428835301293,-0.7918059820285924,-0.4207037119729642,0.4663149601924543,C,1.2894529444615117
-0.05925418605237284,1.7209248509865422,0.5480319148579893,1.043516771391349,-1.2013168761303852,C,2.407804367065852
0.9699284783597794,1.3489825384589964,-1.0674789810590568,1.035810958849852,1.0481164825562668,C,2.4640371386574205
-0.7573951711603529,-1.5474030260917284,-1.6319694350099803,0.11922221314347232,0.45068604173608534,C,2.41842090041916
-0.7421125073448591,0.0248942224365489,0.5342446317203283,0.5788670143564977,1.4531635472086968,C,1.812053900312171
0.943861161976647,-0.7400894918462516,1.2443974067231511,-0.39246329148856834,0.7723020126962202,C,1.9332897063992056
0.06435520830789218,-0.39013495219831756,-1.7111410688466602,-0.16240061368713493,-1.4760907956296514,C,2.2999062214632495
0.9846145560605926,1.5439442867376338,-0.8111762429570529,0.3073762260649896,-0.7383765281171932,C,2.1565984149392428
-0.5613718278219262,0.6917900892399967,-0.03442294371640147,1.5538792817656721,-0.430737160385164,C,1.8425450114811825
0.9952840349944231,0.09701840267443122,0.7925511389513005,-0.4453444381072416,-0.04935787702808407,C,1.352371271952734
-0.17024747210745905,-1.2323635623472549,0.975920357632511,0.9584789922816728,0.8749105357433439,C,2.045550077656805
1.6498144736951588,1.555760224283198,-0.4024743003016981,0.4004429850657035,-0.6693873999864958,C,2.4316038556944455
0.019968230721077704,-0.512771281540528,1.3851209531278954,0.310953127042088,-0.18640963421562215,C,1.5209646843863371
0.8180813063764019,-1.487694588501968,-1.3804239652713428,0.5454512371690635,0.04144381479711295,C,2.255503752670391
0.20923711591008817,-1.1081469158210417,-0.01941076648031128,1.6738459713504446,0.6885833458139414,C,2.132616678053477
0.17496397248659168,-0.4526555895831013,-0.40679652950531264,-2.1951594182240033,0.2656219975461159,C,2.300059305292934
0.8171154305925051,-1.5227540941446525,-0.6392250103362531,-1.118629339693434,-0.9329616988274599,C,2.348790199887603
0.0397979258317359,-1.551091230713508,0.4571044450044972,0.5609752347475953,-0.1868559871622639,C,1.7222139032298591
-0.8262991795341953,-0.33189707288241427,0.4106672962562332,-0.9253220947474438,-0.11575657083798946,C,1.3532162399340217
-1.2215560929441005,0.8329043268763401,-0.6988889979747581,0.41817980488098927,0.5853738683562202,C,1.7865921897268482
1.6146253923076321,-0.17845038901679763,0.3306623698946842,-1.305835172179738,1.0467513990131463,C,2.355650927010803
-0.736742574449542,-0.5432303220810644,-0.02155254037425044,-1.5140434448232991,0.2216208535869475,C,1.7831984385896118
0.8217153119709436,0.24880268687214052,-1.3495265873110116,-0.10515714682994873,0.6302405867439582,C,1.7223826704569432
-1.0007518537151867,-0.5727265786304948,0.4670968498555418,0.14392977814961522,0.21953343489745433,C,1.2714598632301446
1.4808322795315834,0.3731379492062308,0.5239174630508658,2.1587365890154877,-0.17026597215189504,C,2.7010590218203756
-1.2114243062111554,0.6495226850068414,0.6665194781230334,-0.7997112575354064,-1.5674869795115662,C,2.330285456570124
2.0399658745110383,0.28865559927841944,-0.6467263224212417,0.8089144629014738,-0.09639280569034561,C,2.307958392509906
-0.24994657179942026,0.555747283152629,-1.2768890277032612,0.3485347067793068,1.8907535652055312,C,2.3870901547117893
1.1286621650231763,-0.910846662113229,-1.227751971222885,-0.9934736051664794,-0.6148687277065888,C,2.230683344617361
-0.325549501239478,0.7895700755728164,-1.4934769787435693,0.7427708685482781,-0.32716945888968346,C,1.9022684579281883
0.30678162748000254,-0.9172070996621127,1.081315812100196,1.0137688423413038,0.7809695516872035,C,1.9344943583511194
-1.1580465062205427,0.6338720794452517,0.30951611921245215,-1.227247333354202,-0.018575614241818195,C,1.82897425416315
0.6737855464929776,1.0278190227152308,0.3276401838368409,0.538296170211019,2.723742436225098,C,3.0538963017660006
0.7580042174317161,-1.7725771930191885,-0.19625865271534124,-0.10179667321915525,-1.0832474507820835,C,2.222364812519777
0.08883363928068114,1.1778307010336981,-1.0248528674314916,0.31729400384883855,-0.8638064419851188,C,1.8144798234594264
-0.5699011232788556,1.2530930567778145,-0.4601857091827612,0.3920385517706552,-1.5871263925339336,C,2.1861987096665114
1.1950126026928338,0.38671023852694497,-0.11710656467910459,0.3693168915674073,-0.9046534382954347,C,1.595652432857473
2.1111678107865792,-0.5784088354432354,-0.3643245592876061,-0.8777509722658157,-1.0366348268863497,C,2.6018026874356908
1.0843332423231509,0.39945306431740896,1.0173342063355895,-0.013727907882500417,0.8010697527573238,C,1.735572361677144
-0.2770492405356238,1.4748653833164451,-1.0371140832703984,0.8340522274997413,0.9048080621989213,C,2.2004341730489863
-0.7485110482185687,1.9581278927376558,0.8744091711103961,0.8530197316206651,0.024613858869120934,C,2.4263910518972542
-0.31263619865972053,-0.3013853404595413,0.5620593859176874,2.0166150993647127,0.2609510212765941,C,2.1539074176819972
-1.0157871236531875,0.9188087700688669,1.0266055336594413,0.7296059816460647,0.8308447946994321,C,2.037787996727855
-0.25826037102387356,-0.8855525147593768,-0.8275993983613865,-1.5589940590392515,0.2258696293212691,C,2.004320833942406
-0.04814285335342208,-0.2538354990625217,-1.7051407836910513,-0.7195961367775966,0.646629765308076,C,1.9774235612451572
-0.5484992246989582,0.29758729813291557,-1.1476979234473372,1.1873276723589234,-0.11886242769270418,C,1.7693206044289993
0.18392707503025257,1.4748768773992194,0.9616398113558097,-0.19440642997245916,-0.3761864029113086,C,1.8202066280921183
-0.5148429227628684,0.8063938787818795,-0.16640986317082807,-0.6250707079450657,2.3203177951095837,C,2.5918361494603737
-0.07609171809642219,1.532088703361846,0.06045673866680676,1.1894586524077875,0.23806211843858455,C,1.9565853469259373
0.8842606066200102,-0.6653906979976076,-0.7839839647069433,0.42213552448640407,0.9077616614238249,C,1.6856814922468906
0.024523074706452975,-0.7836329112196082,-0.8286293115136356,-0.8693694401642077,-1.076783301437673,C,1.7934809612553966
0.10540901889111857,1.0831564749437743,-0.012916292594169381,-2.176255373880742,-0.18365809884198012,C,2.4401482722788894
-0.11925137419616225,1.53533336474974,-1.0673634488124435,-0.28617400562212647,1.24954871061166,C,2.2702426532657913
0.8964189083021464,1.1221973237263543,0.22826799982858534,0.6572930284586931,1.5491054172333831,C,2.224131671292903
-0.8265934721126951,0.8966148933200377,-1.4020191625980607,0.3353074863139033,0.18251835763413937,C,1.8969915204360832
-0.9615957340052632,-0.03539560056055177,-0.9713429641183619,-1.6721645005968289,-0.5517414255197033,C,2.2293449880691782
-0.9020333721207123,0.26374735728146553,-0.9396976230358774,0.5817333750948226,-0.9653482957957144,C,1.7425755500197406
-0.6632894283001777,-0.731584950086181,1.5521167363960047,0.38686172729726326,-0.2479993886178631,C,1.89615438746169
0.40379061358787166,-1.706098501094862,-0.03492331999328358,1.6172970393458046,0.10715499061340007,C,2.3879217949566987
0.056677002698986734,0.4574410829644978,0.7474282442332753,-1.6669878100044848,-1.4039872342181823,C,2.3497110715676257
0.1366410294239133,-0.4645055381237259,0.8525150116010634,-0.20479094906659143,-1.2570005624805187,C,1.6072360616196788
-0.6842097410114981,-1.4837022624637524,-0.12633218855138767,-0.10165050494638901,-0.22903654042831875,C,1.6577894188365694
0.8014372739952812,0.8903115510252604,-0.12657177366026442,-1.5857413220449852,0.4585430333340436,C,2.0434808611253645
0.5747076260039555,0.3201700187787007,1.0156721128745985,-1.2054078698030029,2.078735530481535,C,2.690452949867804
-0.4324126686096229,0.33767366461258674,-0.7604851089873396,-0.41926891797579485,0.6834251052038401,C,1.2337739342124021
-0.3351854123233921,1.0790724251286954,0.3044233175652688,-0.13484272388910815,1.7521772466226115,C,2.111333175828202
-0.1648154449929374,-1.2401529672331106,-0.5593975774447217,0.38386445202717134,0.27544296926082257,C,1.4495826673707406
-1.1835968959658738,-0.5470948877993784,-0.43937331820907993,-0.2760386712481903,-1.039225601435932,C,1.7462676025897819
-0.7860892759710841,-0.9114882613503275,0.9651844486754134,1.012206922486573,-0.18240819150815504,C,1.8542286327743036
-0.4119267672148061,0.14702224141559622,-0.8579974475682307,-1.2050073414006883,-0.9879157349303224,C,1.8317966626252433
-0.5157962772573903,-0.9453418559643272,0.13167609306596456,0.5929061483843592,-1.2895438243150086,C,1.7864816241363166
0.033340909949100044,-0.29181200267365376,0.45311557100680555,-0.017167227498669703,-1.9286433863490204,C,2.002882824150548
-0.8137850567040559,0.01896757691746112,0.6631920437451971,-1.4273509740052934,0.22286874944411375,C,1.7858977733477686
1.1222498857526306,-0.1443595287631678,0.5190427594328052,-0.6632520180416347,-0.1126061075751624,C,1.415017046058339
-1.1739627554048415,-1.6979139842321365,0.6828075188509034,-0.7133923842020458,-0.32992057752842513,C,2.3119478450091107
-1.4850202039723186,-1.5102204878203145,-0.1861977996152982,-0.781451135879171,0.4048452556994608,C,2.3011488668595526
0.5292641789205403,0.37524819440047824,0.27905443251709694,1.8452713813628012,-1.2485992700206703,C,2.337269724009068
-0.0339806319148475,0.7006391118274269,0.7821965315081626,-0.8794492565037362,-0.19321127042162517,C,1.3837062014943673
1.8836489704963755,0.7046814060625401,0.27082048084085125,-0.30191825303999753,-0.5323135181279959,C,2.11956726103366
0.8347381935182047,-0.7309243147260703,-0.12331592793359798,0.22763706623657098,-1.9638263919878551,C,2.27039154232277
0.23782971169279862,1.302491458946121,-0.7942057718599799,0.14481404146302257,-0.339759085820058,C,1.587519172624166
0.7571423455296535,0.06105035884813951,0.9990127045323833,1.5414302623090006,0.25231992739343345,C,2.0036692992728518
0.6789479177780826,-1.4059917460782836,0.9538731444181995,0.22494337909195994,0.6464361315847564,C,1.953493341875854
-2.211065475958627,-1.505798120383507,0.2645180258467435,-0.03088174271565844,0.5130712573997073,C,2.736860263427306
1.3070153293004034,-2.1273746046251016,1.1736087244812656,0.009981034531240896,-0.2455899427858247,C,2.769798414805029
-0.5947487265199,0.20337465611235386,-0.975985793990326,0.26213548976576,-0.6032348960423409,C,1.3342574426679197
0.11629523270055851,-0.25924633022755605,2.5442765033676884,-0.3886561116274595,-1.5100665466028522,C,2.9975708022911958
-0.5377780351907756,1.3512134851488988,0.5692996359049439,-0.4093608964646511,-0.25099687026465595,C,1.6339097115386705
-1.4953852123716835,0.3706783227186464,-1.6791991164215696,0.7173569116580566,0.12272947872871476,C,2.39226931773097
1.6757801006491482,-0.7723596552209008,-0.07207480657449108,1.2625033923964863,0.8364253738497278,C,2.3881991923454926
-1.0620231159887066,0.3416467520511586,0.0030498793077546557,0.43010408708341086,-1.0657884649096752,C,1.6017239092632773
-0.1165796261384925,-2.08575356611057,0.17636106673301027,0.5873601134321619,-0.29682434584950124,C,2.19730711753564
-1.5199043275725392,0.9302950545089365,0.34304998435881673,-0.6832437883608496,-0.26406959431076316,C,1.9569865022935744
-1.4202781191924179,-0.9704786177298903,-0.5090006406930816,1.1626139625475609,-0.6052450136873209,C,2.2217320018529563
1.0782248334392865,-0.9066127998216281,0.4175843698516054,-0.23813322244312973,1.470370545053727,C,2.0922689209522503
-0.5194559759814616,-1.527378233199718,-1.3422708748748844,-0.516606367469533,-1.2131972898876537,C,2.4785357941480988
0.27629563290295966,-0.3137151155417209,1.5994007843680333,-1.1704263539739552,0.13715580197830532,C,2.0301598172584248
-0.8240740828210324,-0.3604753465484021,0.1033200145374287,-1.698899017099164,0.17302339806102715,C,1.9328503722294754
2.0810528231877177,-0.4958880395758511,0.28413040813098484,1.1208722574853411,-0.1793024100577781,C,2.438425693222872
-0.4913479302195845,-1.924707396079082,0.5421188396072254,-0.09571234825417338,-0.8564788503049136,C,2.2321583859434413
0.1736197310193774,-0.8004823058015856,-0.7247044772857212,0.8314916494442975,-1.8355105258691333,C,2.2927253577283557
0.6244942673756916,-0.8334137848115946,-0.3951562972513641,1.1466163920593335,0.672220290590507,C,1.7341653310965612
0.14207403948750313,-1.3690518549489898,-0.7704178146732621,0.10666080015521699,0.054619458249762845,C,1.58189488744061
-0.10396643975828969,-0.03527582177627583,-0.2452689437708317,-1.6497838854376488,-0.5909456762510229,C,1.7729111426989197
0.8651645095997071,-1.2943397523265852,-0.17930503846683218,-0.7754246159238449,0.10532900290999699,C,1.7516714457277645
-0.4122027862869537,1.5669937998437378,0.5373061226271214,-1.3913606617661525,0.7119362681835651,C,2.3144797074611656
-1.2868810290987331,-0.9585282448911612,0.521328052442681,-0.8169094548001453,1.483245928423581,C,2.390393620117621
-0.8750871678477069,-0.6993223363656847,-0.7416065650203941,-0.6390920336860878,1.241931477800195,C,1.93794788418704
0.523989992438281,1.4249344797950765,1.8896785514297005,-0.8589195185411708,0.05868183125552037,C,2.572367607529741
-1.395613632159572,-0.9226637825694143,-0.7476207311417622,-1.2543609560161137,-1.248110714458528,C,2.5473877575060517
-0.09146555247317051,-0.7713088796121624,0.5338457867721397,-0.5817874061973761,1.7810575247081797,C,2.0973595665602156
-0.30667418016869413,0.0489293577689868,-0.8800650862831806,1.159132287562184,0.7605976518464749,C,1.671243291382784
0.33786365909949845,-1.532540635457015,0.23972003242078613,-1.2760880571854358,1.6640292719806724,C,2.6301506597742157
0.5637983118264474,0.06649619265129918,-1.6975203023975243,-0.6851852178045555,0.4791906690344265,C,1.9755930595886366
0.9863013099595863,0.901962525762132,-1.2946043551402988,0.24521843047320785,0.8258038220284895,C,2.05046607857239
-1.2271621575994147,-0.005849312009896335,0.20264235738827438,-0.2225646754071901,-1.3705928919756674,C,1.8641579897573726
-0.6187699552804823,-0.621823585025145,-0.2813119029752632,-1.070498040756741,-0.8416463030377409,C,1.644083869481121
-0.08212978996045357,0.9151877643856935,-0.6296864026017752,-0.8473314159805648,0.1910281526121179,C,1.4125442278738831
-1.966901261592911,0.4884550025939315,-0.0005765772601582638,0.040643760869145056,0.9837335909339826,C,2.2531473294229154
-1.1783139841829617,-1.1909962899830715,0.16521115021028152,-0.0042942560586494176,0.10268346849106065,C,1.686639578441352
-1.1021999655215593,1.584522171889906,2.2243979109107417,1.1543259340677234,-0.6220910509372256,C,3.2238124915987294
-1.1879146129241112,0.43354914518590887,0.6885783759963003,0.3632795045505106,-0.4957751838379833,C,1.5655705669550082
0.478532618022548,0.6111531023513085,1.1070801821530145,-0.6222182607281648,-0.1608293364022101,C,1.497047010007452
1.0820534387464393,0.08313005300182427,-1.617895613994801,0.6003663274799664,0.8379047627731123,C,2.2040554862453763
0.13007349180528138,0.3247071142203534,-0.38255652538167656,2.185977395596662,-1.3318817622418468,C,2.6117253915869183
-0.528070407503866,0.009877268049951279,0.790282995276733,-1.3463145018001101,-1.1781108083827803,C,2.0258358627772886
-1.85587091072138,0.029777331590891062,-1.018502331182146,-0.35023083800811605,0.6023533257480321,C,2.2288969680749102
-0.7297128646407314,0.26306816660630383,-0.3404772824708082,0.7644860526771917,0.5404270859353815,C,1.2625810330165161
-0.6217122381090451,-0.15153599202827445,0.9378182438517857,0.35345469627813786,-1.255190218773078,C,1.7289953817232933
0.4732378402214131,-0.7828929964587317,1.0195793467290188,0.7392144174212016,0.20924496236432916,C,1.5705537083449734
0.2298559354316218,-0.3055805879645174,0.99192226098172,-0.5420341012525919,0.34437546120834717,C,1.2419816600208478
0.8906434819919788,-0.5738612392683425,-0.6294144015841444,-1.2199930079252423,-1.0873131619755103,C,2.0467920936095547
-0.5864348808055023,0.23408343710820084,0.5801866681868206,0.4571563949229607,-0.5215462199558788,C,1.1028689513558265
0.4089743689166686,0.8023746963563304,-0.257739352339879,0.05723823071905897,-1.1328847361113221,C,1.4711216135650202
0.23884956451354694,-0.9523672029054339,0.17876367292640657,-1.3979830366114645,0.486103746232216,C,1.7851224823946328
0.6166520978823015,-0.4713943676145243,-0.6843113919156905,-1.2977058890143165,-0.16035376489927233,C,1.6674856656195696
-0.6047912594567844,-1.6128830246391557,0.4710877607862458,-0.46791779955944884,-1.1186425217374878,C,2.158563400882827
-0.7900870667607687,1.5262639326471834,0.8589909567951326,-0.18524526010838452,0.882025256000389,C,2.122232076760992
-2.0508896851499325,0.057185650749052436,0.26026249994646306,-0.8300223317416636,0.7692891821936824,C,2.3575194983741827
-0.5389872494597717,0.3520951842422886,0.3811277432915906,-2.0146650184897816,0.8220554786999459,C,2.3009534930850712
-2.0786928847824697,-0.4201873745080121,0.699357162496584,-0.2164111467098196,-1.0000386543232989,C,2.4563251157445527
-0.8137455504227928,0.7640227354647983,-1.4296084649422276,0.8399747224738016,-0.0409962224780442,C,1.9992326399963785
-1.2517876422706915,-0.6121595941334739,-1.0678915181054174,0.9093712246053642,0.7689094864002182,C,2.121386760326668
-1.3970935037593548,-0.3279831749572881,-0.7014764687475513,1.0511838235361433,-1.097171562454398,C,2.2046054807676767
1.4716898894060608,-0.030543973659614147,-1.065936974356517,-0.6213187169159987,-0.735390188141471,C,2.0566626789564104
-0.8276493092774199,0.061574024690597105,-0.7973236976447979,-1.4157794864568694,-0.24653572265195972,C,1.8411222760331705
-1.0975458891835743,-0.4579017840649263,-0.5534452166590057,-0.530380415444381,1.2181497508907495,C,1.8670229862640921
0.04910980453652329,0.2136108407424333,-1.5464660439258429,-0.5693158917294775,0.18743443238943636,C,1.6729766406680135
-1.1479389209825936,1.0174438882438188,-1.3475678467318253,-0.32086047437778586,-0.6566447064151777,C,2.168646731963932
0.30666251605054795,-1.1953110319748217,-0.5055537238720144,-0.4406764696067976,-1.3705470650218237,C,1.9623939303659377
0.7952296341957911,0.39079755987396736,-0.1452676272463368,-0.7056638833964571,1.3057996795006461,C,1.7347304997452941
-0.18608296326616577,-0.24199683312027434,0.08260475947401198,1.3386769974503023,-1.0575964329306988,C,1.7351020722701629
0.4428626601214335,-1.0890528150026013,0.12498708486486841,0.9060714754115172,0.28110814440372467,C,1.5158405088868845
0.40295567169613267,-1.3235820553812376,0.07332243087719469,-0.5952826041735111,-1.8561968422043182,C,2.3915365364948795
-0.3285528613900601,0.2248505720735533,-0.869584572541903,-0.9138616190215759,-1.5417366958439616,C,2.0314470678127146
0.5382782670184539,0.751258918208366,0.31914460076582635,1.3296570875015625,0.1210499360336842,C,1.654879992170692
0.3905545153588037,0.3027085910284876,-0.09119992457367758,-0.5288496877667938,2.205926466240928,C,2.323419099840808
-0.47351211861431874,-0.6976446114419093,0.45471504690154335,0.2638695856071891,-1.4718096686858857,C,1.775820476082251
0.7774791464631777,-0.06523179526059804,-0.7693439827275863,0.8232588943445696,0.43329396235297,C,1.4373997491951072
-1.0961226638827921,1.5404869126325706,0.5710547620962422,-0.00883813546038641,1.3784238755801266,C,2.408488915687653
0.28049167642451045,-0.04944870308747933,-1.1626570190353436,1.0245227599909204,0.8392029197127151,C,1.7851612041735547
0.017315007346765172,-0.9317771917588171,0.15325033660111403,-0.08232663294399126,-1.572813188366658,C,1.836440363916484
-0.9615781218936701,0.3692312570205225,-1.6998898515245635,0.13420071421121774,-0.3123456657844337,C,2.016472008139671
2.0088410956769054,-0.7577311592059706,1.0126523428934917,-0.6094698289514813,0.17466276165263117,C,2.4570356891160463
0.8804165809958199,-0.5526893757263319,1.1907436824409667,-1.1873299582642705,0.3519972373074832,C,2.0080149163465246
0.5141110188845478,0.3677844547826334,1.067876662883569,-0.42540176364090393,-0.7684861265914908,C,1.5203531495419078
-1.2850354497420708,0.8535272497999541,0.6434939451591164,0.13215205969948285,-1.45126085191177,C,2.217550801644872
0.4043734975726015,-0.6457938143150392,0.6111207248148435,1.506743577819528,0.19323177962819038,C,1.8060041102953102
0.6902373047935801,-0.5834084241337585,-2.1427873964389064,-0.7134515251028289,-1.2936829714900475,C,2.7551695886117864
-1.24805957706428,1.485557029878403,0.23534734056450407,0.3274852954865407,-0.26653566180541105,C,1.9995521112008439
-0.1689037903435968,0.9424147978134633,-0.03159500038532934,0.5185148168090884,-0.1915061117320807,C,1.1059858008405334
-0.29736843468021984,-1.222762906545472,-1.7188811165911335,-0.22732601476984474,0.04910182938011501,C,2.1429459888622695
-1.3366579167111186,-0.03582927072756266,0.055864326945219936,-2.240710571666975,-0.9510769408675307,C,2.7778391169040915
0.649893673068528,0.6176511672395529,-1.8409833046311377,0.2528443771072563,1.631512140609513,C,2.6303681154181557
1.7651877248732157,-0.2164498193455359,-1.063048243094428,-1.4296098527306274,1.0626926708623916,C,2.732381715502626
0.29209081526406316,0.9422828572446249,0.1974287297487673,1.2257742675012608,0.1416147996600374,C,1.5920959258474148
0.6699123150853177,0.7434475431241235,-0.6868485379255097,-1.5436668573728243,1.3177261903137034,C,2.3648609583907114
0.21458939591889964,-1.4334618253779503,-0.5968162247128962,0.6453551674057915,-0.2338345634250127,C,1.7112021841053153
-0.5348161703774941,1.4631336074490606,-1.093826013409329,-0.8336213314722449,0.22077997050673193,C,2.08971575976677
0.47400322535599804,0.602548923951159,1.1062218369754586,0.2410698366509426,0.5941007436479693,C,1.490819028504107
-0.5300949908489707,0.12822094615112403,0.2199123995111309,0.43988569173766273,1.57987983651948,C,1.7422176940469132
0.9747634022297293,0.07763928926257517,-1.4207196841566867,0.11882190186778402,-0.04919557553296461,C,1.729501321054554
0.17877343379135385,2.041955067799176,-0.4847080049598892,0.39079325303387646,0.9887724948816338,C,2.359422112057046
0.09015880510076531,2.150746997058356,-0.34778474621511696,0.29815230956387734,-0.7348771922367128,C,2.3202876486678625
-0.46113221918172703,0.3265529706864106,1.1101866564109402,0.4185904837755855,1.6517142796273308,C,2.1107278917323278
-0.048698869139031396,-0.17033832318116435,1.386622294725061,0.2021677976941017,-0.36895512094772315,C,1.4598314327778457
-0.8409872961695172,-1.14190294176949,1.13450099672031,-0.4413836512849163,0.15427886325072518,C,1.8753442264201117
-0.06885316995282784,0.793050264844001,-0.9180008156297742,-1.1660857681156704,0.24317277518281868,C,1.70155340682291
0.9646891047156101,0.5337970600976206,-1.2993745385289441,1.0875316554962866,-1.1940817790196196,C,2.3478703026777965
-0.6771034323514133,-1.2255164175442321,1.6892684611431676,0.8223588104973683,0.7854510788741621,C,2.471273941126874
0.8280907674549425,1.8674691676749404,-1.134847173580623,-0.49024793965500807,-0.4091117910653073,C,2.4225542344123534
-0.7648671053856685,-0.9687223445770702,-0.269381154000799,-1.0936985203854483,0.301195316960658,C,1.6979122322331917
0.04686457185350674,0.43605288915502843,0.4602562684114642,0.5466262197621367,-0.3384955152690599,C,0.9041867510842082
0.7899839196064924,0.08730989712732697,-0.6936508881290244,-0.37331786223207847,-0.6482208471392419,C,1.2932152407479782
0.020806450260065907,-0.14620066651329186,-0.5622431203350372,2.4136792180047033,0.6589344809979871,C,2.5686507912328835
0.8579380932127871,-1.1001311327777539,-1.180562453280211,0.04348837759678671,0.20442053499441665,C,1.8394980242720709
-1.5420571940720722,-0.14978290641104314,0.011689824604389002,-0.17872663444730758,-0.6756918176716312,C,1.699710152693955
-1.0498414614274538,-0.3441371767198006,0.17668102596199725,1.1768190475050702,2.1031578585071937,C,2.6570641173744938
-0.7205898388663924,-1.1167116086978741,1.0714206568064462,1.4954035812276392,-1.062961916227535,C,2.5060639781953307
0.5934135165000353,0.7354554395343669,0.9697754727735697,1.3351320493846959,-0.6504899933736225,C,2.0097794887679146
0.016108590311642846,0.013071309414230231,-0.11367125779257077,-0.7525221506108271,-1.7218268281953515,C,1.8826387635744104
0.11538440390035937,-0.9565903073337169,0.10706048579829211,-0.988571303082455,-1.3690567668002322,C,1.9471595148747498
0.21343567104922104,0.13748298237298992,0.5277008173540341,1.9912273353387304,0.25259876797134695,C,2.0908651193549863
0.5057873849936954,-1.123556818053074,-1.3418388265081314,1.6503922042253611,-0.9628983291084381,C,2.6400189125278435
-1.5983043630600602,-0.059861421774677244,-0.1380868302774077,-1.3817599298294732,-0.4669215903490664,C,2.1689869696948905
1.2307645790906636,-0.8069041632120187,-1.3952469566341001,0.9436584962795398,0.49285307405225526,C,2.2904116132156562
-0.6985902471184112,-1.781230103334026,-0.8383094354860414,-0.06158717044954547,1.31233314558669,C,2.467708043628069
-0.5520428664732765,-0.04501197087615042,0.359555541547373,-1.2681695033770937,0.5505539294576053,C,1.5321295995902324
-1.5588038545866298,0.43766383734787495,0.325198070442191,1.4297912212019992,0.7262739506482079,C,2.3019447569896165
-1.747971064305769,-0.5770314653040508,0.10161928796188893,-0.14336455735832423,0.35117699688827997,C,1.8821724981353551
0.3634824799848013,0.2801759772060308,-0.09866795971894121,-0.8501894979835083,-0.20973710215004152,C,0.9935619216908935
0.296499770910207,-0.7765179973924904,0.4495368190363704,0.6468756213461282,0.09034319646188288,C,1.1487321832056752
-1.125048496614972,-0.4693259482577297,0.6926262230840725,-0.20069376692194296,-0.7285958677366842,C,1.5927529553925255
1.569044159741172,0.016964628389260616,1.4035248626854,0.35180029195369833,0.582474038300848,C,2.2124892914370324
0.24420881132108468,0.46922438653280024,1.5321058243279806,0.6532293724823267,-1.06314863526161,C,2.045519826136119
0.4372248543102039,1.117364593679382,1.1772912304481407,-0.41759205838352553,1.1403325513925635,C,2.0737466828702655
0.8904155916581321,2.469014714427566,-0.7198261500707512,-0.4869858105674793,-0.2938026480024535,C,2.7803773930746765
-0.24399593332264924,-0.4429857840938388,-1.3750533067940092,-0.21636089637636957,0.18383882592737308,C,1.492364154056075
-0.4100377588178081,1.60897042615466,0.011119921630302775,1.073291187687329,0.21733068217015547,C,1.9890266583265106
1.032556125028596,0.3488988703570942,1.7102304621429227,0.06989352334842022,0.6198789262364669,C,2.1217742091255265
0.2677010149758151,-0.21066713542379834,0.2959443933778633,1.6327974118934354,-0.19759494491547988,C,1.7054907533846657
0.28539924666057137,0.8557788057110415,0.7758156473361757,0.007971720274185795,-1.621631158918762,C,2.011330698033176
0.2427262321305603,-1.0426198670939675,0.690517474760544,0.07961201819436242,0.4696067051405449,C,1.360020266366262
-1.2302352288238652,-2.117199650718348,0.3555983468816825,-0.045825989608185604,-0.6703285384138209,C,2.5639624869100106
0.04584353890801521,1.4985487331840064,0.4518902155674625,0.5682967438642023,0.4569863979019995,C,1.7273541789878264
1.5570845178522794,-0.20004409060810716,-2.162567682693439,-0.19848060946034282,0.8543247367805958,C,2.8125600659114007
-0.932767217104783,-0.16963117117564439,-0.665353552450341,1.444672174097694,0.7208379560594915,C,1.987010270433018
1.0459519954949754,0.9978888702573564,-0.05979815962830671,0.3171473602489766,-1.90263835862211,C,2.411221426159673
-1.455127012380274,0.09988241578603686,0.21562290617883717,0.8047931551495712,1.0457598297708597,C,1.9786788524035384
0.975868635362555,-0.6203444980063044,-0.2189584271749184,0.2985628192118351,1.573763533114483,C,1.9877024670957881
1.1696132910803825,0.8845770576632436,-0.3064402344067516,-0.6979275609933988,0.6234157437067838,C,1.766388266711197
-1.1347613070118077,-0.24582344638588383,-0.11833393220770562,1.642262758711045,-0.3656863271008914,C,2.047649571746511
-2.004242522177839,0.4144837809719896,-0.5743607787279509,0.03502835896375645,-0.0712420924666746,C,2.127199477765619
-0.23725445692892305,0.6850898356816979,-1.3287311468449594,-0.44816272703502746,0.5929436401195665,C,1.6862965964339278
-0.5537784612214771,-1.450813535252847,0.6028997364777396,1.0128009050594726,-0.040576444574630034,C,1.9499822336560464
-1.218754584720981,0.4387922568380953,-1.0316956965821367,0.19193277365182262,-0.5515990682911132,C,1.7559604535771545
-2.215917071761203,-0.8442858963702305,-0.35019695356386255,-1.2307843658328725,1.1247400052810772,C,2.919865627845936
-0.5568757676022897,1.2236763391938983,0.35101831689916924,-0.8708347257817363,-1.0810447002047336,C,1.9641076920353526
-1.4508173382697505,0.25602530063547274,-0.31225670235754605,-2.0890015982860874,-0.47176095401986656,C,2.618092860678624
-0.5616867842822065,0.9822462316364331,-1.0614784922715126,-0.8985095672742128,0.691933111563425,C,1.9217510676769245
0.9738280858659069,-0.5347177252203793,-0.45368487752832265,0.44230810172502055,-1.6702953116107033,C,2.103715056613963
-1.1047784745464357,-0.16663941046440656,0.9199933083895742,-0.2586432707817398,0.05991466429696158,C,1.471454371341892
0.6742837100108897,1.2530000846695128,-0.3430615706117481,-0.010013085163285458,1.0836071430746412,C,1.821170963252854
-1.4990169889105995,1.0119315567598124,-1.0028071277915316,0.10091176739142659,-0.23892408820164512,C,2.0842138683156985
-1.4647925553804346,-1.5031554771987516,0.42263549070047896,1.5221721693283718,-0.19836568205932276,C,2.6344015323839467
0.09274184808059088,0.7555177863986617,-1.2852041224085973,0.9784247562231535,1.0837821944740962,C,2.0887931110705087
2.294929354781236,-0.3315116872900212,-0.4037696861657177,0.6777940261037044,0.7219877148891694,C,2.5534881444772
-0.955924922014962,-0.7202438856392723,0.9667218714916439,-1.4784664438171191,-0.7334126188625933,C,2.2562916440811684
0.08178626204089433,0.9091593512071244,-0.5519179985709818,-1.6818515915694432,-1.7495981797363873,C,2.650960535785874
-1.0871807824571595,-1.1335841632197492,-0.1334668108314213,-1.0262936679039758,-0.6066490076145448,C,1.976383113077978
-1.3253998137107843,-0.754243228087805,2.2644089352864225,1.1333951809983644,0.027616992399461127,C,2.9560890842607215
-0.6437234518018426,-0.6049156694566209,0.45762703307831093,0.8156657183630625,-1.267291472422716,C,1.8058415188343508
0.028100983800251975,-1.5649486318480499,0.16308230241116733,0.5870805892326509,-0.2157357712148938,C,1.6934152663209323
1.3542491229396887,-0.656976965977861,0.1621052108456369,-0.026707905720639684,-0.0747734707255934,C,1.5159788601243864
-0.20625776717197233,0.19323675126352835,1.529870191698173,2.4856841398786678,-0.004059846092135261,C,2.9324098686232283
1.0124235456901551,-0.8714232482810708,0.9511297051023366,-0.9462074729913643,1.3543334141511885,C,2.327779029047159
1.2152169658737297,-0.06711104161685703,-1.2052686059017517,-0.301282552867954,0.6771771834743141,C,1.8663517066478765
2.0741262566856147,1.14198118356112,3.2649499665449544,-2.5703301688448685,-0.4406568187345593,D,4.802790297847033
-0.7856677229699149,-3.3526207178148497,1.801138043566211,-0.4593124851567795,1.2563837799359345,D,4.109854725160806
4.111942838745834,-0.6155331571715299,-0.7338662545562957,0.20677433942400225,1.7202953489334454,D,4.563736010252287
-1.0737579847778942,-1.1954905265112918,2.003069224890199,0.7174124806810082,-3.87417123137568,D,4.703012175830569
-2.896792705006722,3.548880530058385,0.9501474702727782,-1.8018103383514363,-0.40284376976805186,D,5.029666470642408
0.0343714451859932,1.9104664172997738,-3.526979666569921,-2.1836784558407043,0.7087796085209994,D,4.6218469282560735
-0.2689416241010668,1.5405156867708198,-3.312136081998512,0.9620590954839568,2.9405870188524186,D,4.794619205180356
2.231829094818043,0.6377604757434802,-0.439580240267801,-3.827391342233423,-0.33007894693829526,D,4.50986772736696
3.9034397281843853,-0.3688326130953496,-2.7572279944382276,-1.5253218344396577,0.6223730944901325,D,5.068445559412508
-1.0374248339783678,1.3479164948594125,1.4521841371022712,2.4691262852308045,3.95389720417314,D,5.170285837833963
3.023167366079852,-2.8361061481176915,-2.742894936970055,-0.23002244124275764,-1.3696507175204633,D,5.160946139367928
-3.7837864210170147,-1.4681790152887808,-1.5772761477876396,-2.2332150291211135,-1.0496810285771745,D,5.004944452762103
1.8675248635074204,0.3157382386282483,3.917146740680737,0.27020921299961514,-0.4596755517924327,D,4.3835708013994426
0.008544949115483744,0.5303104606053266,0.8999101176900423,4.29370831182941,-1.747743878236102,D,4.752018534442859
1.7798716757885364,0.4304418846946338,-3.255183287644153,1.596823499458254,2.6264101324474867,D,4.8370773310726065
-1.6401715985201186,-0.01709458673473457,-3.301394025150355,-2.408674100347737,2.0053612535783096,D,4.838681874831749
-1.6613220037392933,-3.9494287966875485,0.8173114534989262,-1.860773056238001,-1.677012648190975,D,5.029992487195934
2.146935561215928,-3.3735680529711423,-2.629098264490365,0.44743428870139146,2.8150778964507683,D,5.570216548948408
2.527568713665478,-1.3576506975872848,1.9135524629935525,-1.6007406517983462,3.728006465956729,D,5.3248384850738395
-1.8594246372556331,2.178752301368546,-1.076660466413722,3.301795490431396,0.9697869385409812,D,4.604992888060522
-3.077670441266049,-1.5819407315310658,2.3663181011336816,3.1886219519933245,-0.21420841107159982,D,5.271361150118653
0.1371643720778556,2.329221261809329,0.40480842727863403,-3.972897701905442,-2.4969853115618426,D,5.256120947066295
0.500200514561791,2.5858501070697026,3.4378846356187647,1.6583919345983094,0.611190120978132,D,4.6775730108193745
2.2119902046059545,-1.9695766560674726,-0.45264302582853777,-2.434475531294329,-3.688775641941238,D,5.339546369054176
1.6667652231060082,0.9270215682008955,3.4362423715173636,2.728954893894456,1.2125085637178152,D,4.935849345621895
2.306428160815343,-0.17686408115360366,1.7108800365150192,-3.0088928385490723,1.5319342928340531,D,4.436018603994223
2.7696787965536105,-2.77491528516884,0.2147732902966626,-2.5839810741378173,-2.1816514818278594,D,5.182081089854856
-2.000534568043663,2.251009347096844,1.8951768135568878,0.9557533533482129,3.507283509781904,D,5.086784729445808
-0.3013654159686256,4.827947783835971,-0.362330547797977,0.40638414505022247,-0.6334437647537242,D,4.908928948325669
0.9207134372602234,2.066368724069026,-0.281700654102833,4.393600689738215,0.5913855600929833,D,4.9850187660066805
1.053986237423191,-3.5420437075906865,1.63074342497284,-0.5222568516718245,-2.370095896842,D,4.712365808444615
-1.2613628533869552,4.340211402847339,-0.42801206659328206,-2.366835620612883,-1.1342429364085391,D,5.244052201518843
-0.21099523418274926,2.2367456100251792,2.270008268994915,2.768439540101251,-2.638513709244376,D,4.9826197461964306
0.9191237061431663,-2.3651920235248305,-1.672916851992234,-2.477637689364877,-3.2084212943185038,D,5.066579537579292
3.0761321356573754,1.9904545153454,2.823083013098635,0.11363569580490113,2.2453879153712,D,5.142856769771549
-3.803564972504422,1.8638671436903012,0.38249635725242775,1.3542647237650927,0.8206733687188859,D,4.538165754229469
-2.1550964273980613,-3.2707596462126487,-1.5546703571745168,1.2334176150651794,1.5067177721394385,D,4.642286791247178
-2.4366063679942074,-1.7475539764612558,-1.2882419872985444,-0.6364389781336108,-2.426112404639813,D,4.1160222161535165
-3.6646624049752186,-2.1178897882186116,0.22227825907957802,-3.042420673731517,-0.2984284956866222,D,5.225896903396162
2.3653708545376553,-2.90886935724998,-0.4613097925212937,2.2898524041908033,-0.9346343846563322,D,4.515115990501292
-1.625421200773986,3.2966196292428394,-0.867585230338163,3.1294482848346936,1.2154196957714722,D,5.05302788395826
-1.3181132639524173,1.8442359990349915,1.2320120819811895,3.9249239440768138,-2.108189585442024,D,5.148395289975821
0.13427981216839377,-0.20046353723831722,2.294634930803198,-3.3407913062528443,3.314062653460057,D,5.240941135557008
0.6870087830500164,-1.9401313969835712,1.780047088826386,3.291329337273692,1.4759302391635039,D,4.518393234465577
2.468119635326962,0.14765874735851225,-2.8737468056995374,-3.1895994967634,0.4411911153845077,D,4.973935352743724
-1.7490588686653774,-2.7022044198059834,-0.18539117049746587,1.8188065064059347,-4.292313234874957,D,5.6681121683150995
-1.186247325533183,3.9901300016553773,-2.841660861634749,2.2985148635446047,-1.2809962972357256,D,5.685725871993727
1.436050599744546,2.887203813521214,1.9504036219673708,2.3921108815565795,-3.0299844116339427,D,5.39492923761078
3.7410141146339333,-2.8643731635349976,0.8718546630202241,0.8675025456689563,1.6296273709757376,D,5.134997255527535
0.8349421495362844,-2.090869738825854,-3.3448252516885595,2.1615855501326005,0.46047795647204876,D,4.597957444461849
2.907773201909834,-0.1131684775951149,-3.5548821993405575,2.44418183478654,-0.9369892407525015,D,5.2874486501564215
0.8316006379208888,-1.5743340076490346,3.998212069187984,-2.1314166601315576,-0.820479421126858,D,4.936791508501264
0.27546677698322863,-2.8000332993150323,0.8473545699897492,4.132462960155932,-1.2574002965779982,D,5.224211310109138
0.6439250081206088,-4.480481785346125,-0.06343905173262733,-0.5101339232257224,-1.333824252634311,D,4.746862618059155
2.3557269939607353,-0.7106576482179257,-0.38659977401488527,-0.8216404375648195,-4.175406103545732,D,4.930826754864029
-2.1073852453284596,1.7892389522734342,-3.928031912912125,-1.426626330381717,-0.7441468546475162,D,5.06565894403057
3.5727018940708715,1.5748782349491501,-1.1416490207335817,2.6729640433826822,-1.517325702391754,D,5.098511236597544
2.2913092634459797,-3.0855303013120996,2.436989486019828,-0.9221860718050949,-2.3353698871429,D,5.197489085784099
-1.0274310293508413,1.3122744529182173,-2.340938708918411,2.6210718925325165,-2.7584785825024785,D,4.76832200619004
3.091606058913632,2.2037995561241956,-0.30360810201270644,-2.199614690396533,0.755198727318496,D,4.462686219155919
0.7789818902183434,2.9188428458306457,1.3299164342753838,1.381687095393531,4.37233748606654,D,5.649914015959917
2.080092997235136,1.9538463256773206,2.838245502270063,-4.0676588503344995,-1.7895949518265926,D,5.995701667609343
-1.8979907350013447,2.4283681556810643,-0.6531050522466599,0.5182985182500983,4.077645423365353,D,5.178968284480951
2.188792188645839,-0.4100948447638213,-1.698984857129027,2.878848795680913,1.9624462978279738,D,4.470403162107955
-3.702835844431685,-0.7219005184022295,0.3815557877063181,1.795403176140177,2.098018448326443,D,4.690721953262849
1.516071992424752,3.1252505662269874,0.3424936752538083,-3.598401116104838,-1.3951646820975052,D,5.203647027620388
0.05452838348932209,-0.09957268494966294,-5.413945130391403,-1.1412727455309297,0.1613803004515994,D,5.536446244672514
-0.6203880463060776,-0.5442177086553092,1.0759641108037739,-2.3789748749942676,-3.5896433787278665,D,4.514843746183257
-0.6855602889503363,1.504571925577127,3.3228596501417464,1.5400418867515573,-2.8910702592896085,D,4.95026687166044
-1.0417139836683116,1.1505047965441229,0.7961498805544349,2.4177293484373177,-4.11117640248544,D,5.0783728257775875
0.2718502086077475,1.7594612955221713,3.456238829445535,-3.3727169423781844,-1.4448183771531429,D,5.34583138051435
-4.373066537671754,-1.0051323189721493,-0.8481715454446536,-1.6490427323763257,0.26785569077077415,D,4.8625595622398485
-0.09788255570938321,-3.9527378759443446,0.37705439103458244,-1.6242029979283552,0.8497651169613024,D,4.374474123471229
-4.971076946991675,0.11636670964316773,-1.0981201593830248,1.1754427789777744,0.4835816662686925,D,5.248479023781162
-0.6251414516663114,-3.76380228327755,-3.6190971189957173,-1.4304983396764785,-0.02028536591759149,D,5.449918386068496
-2.2227485019667834,2.2847407681465417,-1.0203698717825431,-3.526490468664674,-1.0162600983493932,D,4.966963415301936
0.5731721481561355,0.8244709428142899,4.766826274624625,-1.6975138633949538,-0.18646928552795114,D,5.1620960365225725
1.16532310885481,-0.06405487379483064,-1.3690427364783642,-4.236760695164934,-1.3969816080728128,D,4.810203508229172
-2.009464332592128,-3.231393075993207,-1.489135382017154,-1.9596616724616798,1.0925729761973453,D,4.661690882109642
1.4627432468871577,-2.1995695907684043,-0.6332604242977643,-4.521991043457296,-1.2029649693910065,D,5.410570272218887
0.9435168011132128,1.9508222236538337,-1.686221606484379,2.4874379802524094,-3.5843249800106087,D,5.154998339125784
-2.8712366124047177,1.6331850993102695,3.8458460596264286,1.1355630190165333,-0.09284222211763135,D,5.196147439760753
-3.835238471656145,-3.5334476070690015,0.22609334425354935,-0.6255766642673516,-1.9320212445176175,D,5.6008460591978455
0.19217805537021707,0.33762934466360334,2.7695537514008155,0.4005940369812925,3.602337004648768,D,4.578063066272571
0.012066650773812833,-0.17409331499734412,1.6065344001216963,-1.4769152816097169,4.248289843368275,D,4.779189492736231
0.8751657979489478,0.8881601469215642,1.224615267646501,4.377809202679645,1.848265315604823,D,5.063173339533878
-3.0505551017012955,2.6674233162859204,-0.6479050034279062,0.20365797729125376,-2.4313387085805602,D,4.774274704895503
1.318326078418073,-1.6319278220725553,0.25096111661320397,-0.7117706027717492,4.822852232428121,D,5.31325461410898
4.2413224856029865,0.09952141739103207,0.13688923991779073,-0.7990333308658539,2.3664547754019023,D,4.925040311638407
-1.222192191821224,-1.5655944612688641,3.6362307808617786,-2.0001982564738863,-0.14028920860927674,D,4.602986877001125
-2.5895921290332247,1.1531988502156851,3.1784098407294867,1.1810958165204992,2.3938770688015487,D,5.026308670075065
-2.8217221722789665,0.788133533688563,-3.145406632137709,-0.7595904354428811,2.575299309818998,D,5.068135508322715
0.2255658558185568,-3.1294604453439776,-2.913218223465254,-3.0597284256810866,1.0887277208938613,D,5.373872825158532
2.9977822032481325,1.9789543535144947,-2.7538958941104723,2.0640958551955846,1.3601104401138877,D,5.157256361258969
-3.3566206154698386,-0.6585988695845071,2.379637119496445,1.1956232028578426,-2.8435485636101108,D,5.184458556543935
1.2491060140040067,-4.371672765932967,-0.455721808541196,2.327379289024393,0.037620336298988005,D,5.12811667360289
-1.1620890451058163,2.071400596915525,2.2703210173207484,3.051249151022174,2.0364547784512474,D,4.924710991483228
3.756249071452971,2.5458213967716077,0.9223367765550873,0.31091726858676266,-0.8241421980144742,D,4.713512353955494
-2.8928427032341957,-2.2794772375896257,-0.672917248779,0.5761311328286414,3.4379356790545863,D,5.115535340663751
-0.12662062923504963,3.039933647078633,3.2696816154341657,-0.7011455220206416,1.8015560502693742,D,4.8667500936465435
-0.7230077802629495,3.9252750164338117,1.8877484389006325,-3.5344143977012017,0.4795488001477879,D,5.675929048176407
4.389368186089225,-0.48266723333380446,1.1923861464370866,1.4538229007302321,-2.760806988724175,D,5.536872917909289
1.3620894259574607,-3.71744384444748,-1.6685778658149735,2.869019136161604,0.9514909086908847,D,5.253135652940644
-1.8392834853169815,2.696972857534619,-0.36300405507255046,0.07598396683480982,3.9676962928355146,D,5.151386775717194
-1.807980260511578,0.10026211082276537,-0.776188852316719,-3.9412520545384684,-2.2879291243586684,D,4.964816379607529
2.714645411278805,0.6659756963161287,-2.2911989142430413,-2.6664320542548516,-0.19416143666315205,D,4.495550507461146
3.605569409187277,-0.43131900221901753,3.0185230960112546,0.8127861690131599,1.0883556825317409,D,4.913531110671213
-3.2918977291586375,2.310535441841059,-0.8254436502569706,2.127100743234793,-2.0065307795899736,D,5.040560013362103
1.401755688640815,2.7869187322072473,-1.2195304912848879,3.2029122597532766,-2.109149911255489,D,5.091782589777864
-1.5056774267067488,3.724372181603937,2.43334245446477,-1.7650406854346512,1.3186671261981138,D,5.18781454680633
-1.530464143515921,-2.4413208441604337,2.130407067972903,-3.511697360875743,1.9100042137397146,D,5.368532079151074
-1.0480424448237784,-0.8772862863962179,1.6992431954712086,2.4102384061361555,-3.4268550112956726,D,4.723138371322853
1.6873329861636708,0.26652782921069945,-2.9529149560737764,-0.39936546245130405,3.2473101386297047,D,4.726769757116395
3.916335357622522,1.6756446645357796,-2.780507428096143,1.1460020994888533,1.9875146014344773,D,5.580342671897264
2.9989359010636902,3.243766984999874,1.5011584754854654,-0.29923876764565205,-2.51403479973225,D,5.308392635677261
-3.8001793760918168,0.6800545247936179,0.37252802975546656,1.1164173902930246,-2.6781236287134313,D,4.843691623146672
1.4682156231113284,4.676646753919171,0.1785716703944004,-0.1403653371501629,0.7033648807831602,D,4.957115532419105
4.061207458394601,-2.045549470406885,0.40606725334566196,-1.5979508556454405,-1.0930764066503058,D,4.95891442133004
-0.10693166053735507,2.905235269950408,3.883478925000855,0.9663296262606546,-0.8120518061387711,D,5.012629648912553
3.7619817860293083,-0.6452549815079007,-0.8619446408624172,-2.6787015255829756,2.1069479540832394,D,5.189073236895445
1.768190983920898,4.415348733336387,-2.5375201113205446,2.662882738755091,0.12808009889710878,D,6.0139970984399325
1.6512225803512117,-3.375320792715866,3.0072313651159064,1.611107642147675,-0.07970364813483653,D,5.075902624465062
1.521220508619473,-1.8050910693125501,-1.3663599531716755,-1.0928345765639609,-4.368860935462591,D,5.2650392601700995
2.209443210135032,3.0551000515866416,-1.7981604824169681,0.892749876563751,-0.6808132471359717,D,4.325409317523943
1.0198883931259355,-1.9497700641366533,-2.744643703014276,3.2686082019811535,-0.19843446619306584,D,4.806040002888466
4.242183716702929,0.09715370602947389,-1.9428197385273758,2.574000083020706,1.3233560850934007,D,5.491526001086642
2.4126447310444723,3.9518554043150327,-2.1667689323042265,-0.422380640088874,-0.5690782435788465,D,5.160926156542646
-1.8038061949792374,-0.36836476580996647,1.8675777745811604,0.3316777769173701,-1.881108097172062,D,3.2443541660540656
-3.435705839625889,3.676266833085339,-0.19944831621838927,-1.4296533483376441,-0.6050464460587703,D,5.2696092809264785
-3.4122215418338295,3.287003612518581,-0.9078566715652844,3.158364894281386,0.11930289555084794,D,5.767265757851508
3.104558166305016,0.5574712685180534,1.8529913834687342,1.561676288661296,1.3536202086712226,D,4.2016369655520815
0.9031930268219565,-0.6044504263820217,4.972221410104738,-2.3542914382566122,0.011182083931112528,D,5.607755070258204
0.08411610456699452,2.2740851994373164,-2.426835203636046,1.7785472996267033,-0.95408434870176,D,3.8912177477496286
-3.275173681221364,0.019776444740949174,-2.278540331313375,-3.5907617577913036,0.2833738008200634,D,5.375199578021365
0.9617660089145113,1.0382815526374134,1.1180654477882876,-3.8097189829193043,-2.6829770686578587,D,4.996540549595104
3.314812309515758,-1.7589373106281767,1.0259951229302853,-1.1538102610346328,0.13382179282702014,D,4.060011513902153
-2.2965893558739805,2.0365114577281305,0.4960314212851902,-1.6257886940222734,-3.8086034063968586,D,5.178455130895915
0.45237899401052023,-2.0487728670865546,0.7221884916622788,4.437196010893303,2.2809836618037993,D,5.460335899660824
1.3341244718493908,-0.15899091925941633,-3.6006750652957407,-2.455766449305195,2.382418564686824,D,5.145554801528629
-2.1280257598923966,-1.8841595715436505,-0.44635108011872615,-2.8617213009182927,-3.305571852190123,D,5.233931054823844
-0.16344848421999772,-2.8870097056495276,-2.3996154256903215,-2.529704501218495,1.691541428364852,D,4.835329555064375
-1.3445774230389458,-1.0343699394294896,3.4577817499838646,-0.8227579205031075,-1.611772200417015,D,4.2554440979115915
2.1712986198299724,3.08397483031266,-0.6787974176564622,0.37203405179762206,-3.608244795052214,D,5.276745608934826
-3.6399164319226736,3.2528032859665514,1.8817053938404895,1.9255035643875633,1.187761705103736,D,5.699901567778519
0.16974700988464791,2.5585596265669834,3.435512164468264,3.3477762447788093,-0.37024971914872506,D,5.4518323416909835
3.6764811794619425,0.6055773606622504,1.6762302499312796,0.7477262131552157,0.6547370376815995,D,4.204849668159461
-1.061578033940506,1.0119424125775278,4.105326346042706,-0.5407721948409213,0.10243455868239079,D,4.3940422371156265
-1.1117897486307866,-1.2159774145158921,3.848235855223262,-1.6768118586174476,-1.1812451632227923,D,4.661612903281064
-1.8347092664127473,-0.8755927778580458,-1.9744449029840676,0.7301941267883467,3.235687342498729,D,4.362809819487943
-0.7549572215170526,-3.4316981505920348,1.853014839663018,-1.4966702649522783,2.6752333799056465,D,5.017675967822416
-1.3644779051809308,-3.056772182354103,-0.8609721402025395,3.666181393226915,-1.1002782453796154,D,5.1573663220722095
-0.9595598670182337,-0.3840977214146439,-2.45693677975378,0.7669753272920486,-3.451551982708216,D,4.427898686703052
-2.1367845617926573,3.653601002008288,1.4580446093817045,2.8401867877965254,-0.31295175657643515,D,5.3108513837102125
3.125798002449744,2.470982978285685,1.1921788526066328,2.4785896163086223,2.005283270401188,D,5.2404415776080056
-1.0977032922620273,-3.3568253450576733,1.0499913541524915,1.3640357580250961,2.7238090499846996,D,4.780736350062519
-1.9739055659189968,-1.9108925116995696,0.9695386825303345,-0.15003067766457354,-3.9754680773676307,D,4.930991205606406
0.5102980146654051,-2.520040423484399,-1.2859292022408335,1.838830469930064,2.482569641970693,D,4.220079529738787
-2.645023939818781,-0.7166897855562748,0.09273804410728594,3.875591810229362,-1.0723837755462748,D,4.867095137485171
-1.0201102131973951,3.312903522283777,-0.8017174491434234,1.5448731845098649,-3.159780056122197,D,5.002953989652131
-0.4043896147823632,-3.919365596237729,-2.492551657519677,1.9818891213463272,-0.11785842704382217,D,5.067499038091276
-1.2363436719871528,-2.900956460098186,-0.854910160389625,1.1666332233692633,3.808211754031038,D,5.15155076480807
-4.797437333472117,-1.520037769361412,0.29074727767269887,-0.18067165781406064,0.7371672817586653,D,5.097696697292229
0.9700744473337463,-1.1054205255774248,-1.9103172472556924,-0.8901639652957676,4.165225418074199,D,4.894262521093732
-2.12694929796422,-0.18249353551155537,0.5327259115938786,4.533813317705902,-0.8725867716939846,D,5.114477977021727
3.215286463145596,4.131350855106008,-0.21379516287993425,-0.706630347949555,-1.1034568969167489,D,5.400812797324099
-0.8616812976860662,2.8773101923574465,0.778103894197487,0.79251918529549,-3.7900561944158113,D,4.961800770676144
-1.73114117642323,3.83529417470803,-0.3181856253345139,-1.386308485482384,2.560682275747726,D,5.1270379563326705
1.8498412904545452,3.7951114062769684,-0.9061654838903486,-2.091826681126298,-1.1131950241018451,D,4.925531574934353
-2.8111230722530567,-0.17875746443763307,0.6018387507483381,3.762013664445773,0.17483711741040656,D,4.741296433408172
-3.207516900092332,-0.12915038515403415,3.7644984274616093,1.1905199520566219,-1.1142856537142352,D,5.209151866767041
1.669279702537455,-2.0954395171435016,-3.8231407679531495,-0.983792079491373,0.25846987562663326,D,4.777909622331918
-4.253051072188747,-2.610591452680294,0.02347971523586201,-0.9272634466111968,0.8969086691129821,D,5.154458760396876
-2.0257548629920814,1.1909583598567557,-1.9742062039225639,2.7396589883327906,-2.8614442396795896,D,5.011302148604019
-2.497727145565214,0.9541662256586235,3.80466278106181,0.7202310811091299,1.2867694946106187,D,4.878426129391943
0.040714484689900014,-2.3829342790927512,-1.1379279331868863,-2.81362584221602,-2.96871239723352,D,4.868742867141336
1.059603569340848,-2.962356192122704,0.8428163707187364,-3.4335276800203247,0.781703424465933,D,4.796751603033726
-1.0091532215214327,2.904729342480846,0.66849523001041,2.551951648720729,-1.5604471422641852,D,4.341679531164394
0.21981502691209434,-3.841198245892477,-1.6193665565577549,-1.0262026898616843,-2.8419139940873848,D,5.153158038064677
-1.9139974332779301,-2.225801864369386,-3.6842956438898318,-1.6633810484969864,0.9880862878167395,D,5.092618730111329
-2.9913319138302357,-2.5602210137054797,3.351377522890008,-1.1910995905263313,0.600785771015414,D,5.339868100979398
1.27235165523534,1.3123831777752901,-3.0155181776717312,-0.4577009469231689,-3.2055101691374595,D,4.787417239077282
3.914528989110979,-2.5520745116033403,-1.6767244280141875,-1.6651402014393992,-2.3949139731163367,D,5.758153450190666
1.7119966778687057,3.0661255599704913,-0.6021621906524498,-1.6712777016609903,-2.8313073087457865,D,4.848105620860147
-1.277864917629501,-1.6561156760667604,-3.4094172297589034,1.158859349228571,2.068659811294622,D,4.649956143122122
1.089916778763254,-1.066442762592994,-3.7163055850317135,2.246178492154925,0.042214989554037234,D,4.602526032062933
1.5537257291371194,1.3818318355615196,-2.486643322800575,-2.5084359424337435,-1.3214308668533077,D,4.306431038708134
-3.3274010159894525,2.3791610583721496,1.1066803510121639,3.462601263823761,1.2489954027884547,D,5.613051156957251
0.5862193653503044,3.3707464166022656,1.3197403058027066,0.19133565094049804,4.159463106465729,D,5.5484269563074635
0.35864179846658434,-0.9476334866210624,-2.6087527035763327,2.1890291869474594,3.8518373794019554,D,5.240298065153903
-0.09923332991999581,2.565635295041909,-3.864423672210974,-0.10877852749033518,-0.07865103816823928,D,4.641564476889688
-1.6472891964703367,5.4015666183916355,-0.14998521701489798,-0.9238730320682046,0.05882729027864756,D,5.724507072623648
-3.777424518252576,-1.4331556033484751,1.8544484174762832,-1.1862279345621196,-1.563307312260062,D,4.859312335391338
3.1863151564168057,3.261083855199637,1.257932285735753,-1.1073836349285315,-0.582676858724504,D,4.892389667509339
-2.19282077863698,-2.712627332796551,-2.8479988640779332,-1.6853604554956165,-2.8215604015220097,D,5.574903632174431
-3.3920423533348925,0.4759357371250176,0.5088927169574793,3.6894175266299967,-1.4497823310382232,D,5.26356423379235
1.4690100955525767,1.5514252658038834,-1.2593353508626275,3.6927773690803245,3.846056177394435,D,5.880441255501838
0.9941384148393964,-0.7762145354081323,-1.0855906247200182,-4.152995157418627,-2.4470576430602873,D,5.0994889041276075
-1.4871103748197485,-2.6872184092381413,1.0517806776505902,2.860926356013489,-2.171017250129232,D,4.841187680168509
0.9342160413995672,-3.4084050294220964,-1.0050160193458444,-2.2753094127759086,1.9838333400319492,D,4.755278046616081
-1.5378977151178397,2.292070337507617,-0.5567177374836615,-1.4717758782730963,-2.8395534477209883,D,4.261201529123749
0.4377154851296139,1.5475670507224248,0.472491371744221,3.8702758013474816,2.471678358573922,D,4.888561690877519
-1.0660588188206521,-1.1024563936492215,1.6282247895218598,-2.905031155335634,4.0429908356745115,D,5.457837335530953
0.9895489927704659,0.701820494155282,1.8799041178282263,4.714662929994779,0.4678331095966801,D,5.2395336690624275
-0.31031477062831025,4.141688321126108,2.6560881134336496,-0.881143478008536,0.014237671139901978,D,5.008123202624161
0.3952093060913479,0.731861871386628,-2.7440801122112397,-3.120080938185349,-1.7949797867557904,D,4.6020262224734685
-3.6452693905439246,-2.4326924961188627,2.3982575714938843,-0.6382997248444244,0.7420780702766986,D,5.090749207205095
-3.862119615271621,-1.456270882294316,1.8525304397910676,1.8768040177225171,-2.2857004004100347,D,5.405125482078149
0.3607617726788906,4.906894344680959,-0.03927110254846935,-1.5468987999539006,-0.3877638392893408,D,5.172287702587994
0.2677506213596044,-0.43910498979410156,-0.09107728387152833,-4.192839058948156,-2.796192186535299,D,5.066694067853343
-1.0981562630699517,-1.2153197056773914,-4.163547133707369,-1.3016926347077975,0.44868074626846166,D,4.681216938687519
3.7823708871426365,-0.4219135388936753,1.697249275476639,-2.303240633007953,2.432927221557087,D,5.346872725644804
1.0624504936615102,2.448265972412963,2.017448221101844,1.6647644790453529,-0.27829436454236695,D,3.7472380725023275
0.8828423771108084,3.8332396235669393,-2.350293457897443,-2.2649904787971904,0.6539390549311856,D,5.153138283546058
1.0418462467434562,-2.0675036205750055,-0.18756297963737573,-0.23582244069327124,-5.557655064834948,D,6.0281287923778395
-0.5101539573856909,-0.3654759188349881,-0.3723876022207629,3.289408207085836,-2.824504966919765,D,4.396650645067261
-1.4162484489795863,-4.486316985474306,-0.825950569801418,-0.6794982206965153,-0.8758605575679388,D,4.903452218119454
3.1115998620888767,2.417578899883441,0.21870897224072633,-1.0410969739801923,2.8826911194612936,D,4.99683560395011
-0.04545801479903251,-1.8826397113752404,-3.9486694625875667,-1.0153569749561278,1.736250839029663,D,4.814966874377369
4.506691613690322,0.12196534667477836,-1.5151164780672293,-2.3457860791995087,1.0926633989317363,D,5.414549697023593
-4.403416587038091,1.373329198069495,2.0405146182176765,1.0886901875078,-0.548142950668415,D,5.188980405742121
1.3475685066976135,0.40774400651199955,-1.8560802396122766,4.413839496914775,-0.8388705139960605,D,5.060920149018926
1.2894853278059166,-4.020313738482217,2.121799024975958,2.44143562016759,0.04959086908330613,D,5.318909024467712
1.9828859180127723,1.981977983389456,-2.281017463921965,1.9415485904624696,-2.8695509822531453,D,5.006700283628698
-2.004628388191338,3.7110086620996667,3.209534708610521,-2.326085058359402,-2.4156570643696806,D,6.271945795529406
-2.0112931915984578,2.282467048801266,-3.115354965762686,1.111303404508187,2.326728331093199,D,5.060538773462696
-0.307671287117807,3.521627422753393,-1.0609895605834214,-0.7456160946157524,-3.4072080176905573,D,5.078112839395881
2.596746437809287,-1.9568458193227125,0.8929305433537728,-0.18206239423352302,-2.6876440724099893,D,4.315812780170689
-1.5716443739715762,3.5681696875960762,0.5203288565562648,-2.6038700876591476,0.787826314626839,D,4.782619869078631
-0.21171033286273702,5.004702871875003,0.4131270809444168,-0.5515022218527079,2.0575339676022657,D,5.458951072719923
-2.5501997831686305,0.13065210049903664,2.762678542138587,-0.16095902679323018,-2.4009652970192734,D,4.46581725985605
-0.864809109085106,3.177123960572495,0.8214540429665232,-1.832325051979127,-1.4967853819557733,D,4.136977130279218
-1.4891220540249437,0.9609924503109286,3.560365211322997,2.8000456660546034,1.2132525787199069,D,5.01292618847503
-3.099483906324845,-3.0908434285661075,1.2411764063081714,-3.1316655459134664,-0.5250209159157403,D,5.5482978029899925
0.928937045072109,-3.474442394528428,-3.1283045551594055,-0.2874647882158664,1.5382499539583971,D,5.01695249147845
2.8852643867648577,1.6500034714638692,0.20020253650202197,-2.0281969646092586,-2.9107820820193098,D,4.865550158949461
-0.9214716814932025,0.7394029629149664,0.6071699437351232,-3.787604216281397,-1.4171297732612222,D,4.256604824903608
2.0783262989682365,0.1366821792904795,-2.4449883158036663,4.064868759729278,-0.04993772212325814,D,5.180901649080877
0.8648504398578406,0.8990336467196403,-0.8271845172524519,-1.6372282581438529,4.774315408785793,D,5.2645100435532175
1.9939558265601207,1.6336691409527264,1.1454231144480704,-1.99417748339436,2.539198430325766,D,4.28730700035956
-1.6522721666097082,0.5551521309304708,-3.2126834197214564,-3.9994350151918625,0.6237496436926571,D,5.453812979478887
-1.2755283949745817,-3.135881865705718,0.8522597900660035,3.3422638392570096,2.1906132389564044,D,5.306278210356844
-0.9392929091867074,0.03228820978162758,3.240412890759286,4.096127601633366,-1.2540156872973667,D,5.4529263770189385
0.27262669343579665,2.3979256374681936,4.41812644785479,-1.061515949518131,-0.9578885715284834,D,5.2334100367333365
2.804873578799122,2.4586702225599284,0.970463059021511,3.4945431452816753,-0.7855530594073744,D,5.261473083524528
2.1452998670592525,0.7171148177915662,4.323750281349653,-1.5762619660583272,-0.9111993047013167,D,5.2082883594806955
0.9635532141538755,0.9139401466427614,4.486801410414181,-1.5377696133704597,2.08200016456942,D,5.347388928600478
1.9843651522035366,1.2028585832001868,-1.6404544872646223,2.403093693823237,2.098500807864114,D,4.272496892350433
2.8294633166839405,0.9643249045340331,1.0670127378415681,-0.3715573509623867,3.0238906632848352,D,4.399576226551394
0.09388052674360393,-2.5585465838553016,-3.1618050719342286,-2.2676053664982105,0.6697925303881841,D,4.705596839924092
-0.07915163289456427,0.6323236495919523,1.470560091522283,-1.8420306027082873,4.303683763325373,D,4.948071931330979
-0.6513221533258843,-1.0544982440600956,1.1736127608257976,-4.468103859705934,-1.9233163101786563,D,5.155254769323273
1.8195880474239794,-3.222382864624465,2.072756123256637,2.80269317204471,-0.685225925800278,D,5.12987266129154
0.9569359281846606,3.669800494701831,-1.530732698458059,2.845679373505638,-2.2008851801885907,D,5.446842324582413
-1.697559995815742,-2.841111996269818,1.2178839719800767,4.115813444506701,-0.6543995969810072,D,5.459398119432141
-2.3191593002307216,-1.9751986278620162,0.7198737641645393,3.364249799092209,0.7182785426235706,D,4.651045956682483
-1.4471269891517873,2.8657931822293814,-0.8958077781753603,-1.4149176226136537,-3.5849687403911483,D,5.095430444020187
2.135312865043089,-3.849627450366513,1.209613697940824,-0.7030717060281684,-0.6221069700182593,D,4.660867380911265
4.154276900073302,-1.753041263753984,-1.669426387171077,-0.3200903641900218,1.0159080764716726,D,4.924701184658574
-1.0065222729478902,-3.585160886300976,-1.9720110851246628,2.918805450324343,0.17033726111687159,D,5.128716547619397
0.8698409855143964,-0.5041039477208199,-1.2717231159202598,3.234892040331988,-0.36289426972758043,D,3.6365151694113242
-1.7537675842308402,4.335835695168063,-2.8573257679708184,-2.3524681876878186,0.04053117522069401,D,5.964497615855874
0.0004417942174164277,0.4246318263906375,3.4212266636586826,0.5499825339780081,-3.8896504548592676,D,5.22656347095899
3.7561798101582564,0.43605434027579154,0.5001735601821257,2.831214554975745,-0.3301291877354348,D,4.7617186898346375
-0.09276002014132961,1.0808540383671144,-0.9557389327402827,-1.6708592735325234,5.331208324157369,D,5.770947902092091
-1.8229221842952104,0.2550126960462185,-3.8086804505206198,0.29658538779101135,-2.3764473975667575,D,4.861027531805523
-1.0028019619461732,2.3684903543382365,1.069742520702217,1.2882193038993097,-4.014183727274818,D,5.053007754331223
3.0260398637665187,-1.9634655363180789,2.5181001258091436,1.6828573082555855,0.9510787115089895,D,4.80515367584095
-4.748134061506016,0.8418499622896994,-2.6152488794007267,0.16127044793630183,-1.3876586003426628,D,5.660796734977336
-4.136732754215621,2.2763157678119628,-0.1645820180055661,-0.9837532404606442,-1.137011709521263,D,4.958006117477649
0.7142483760391034,-1.7808535614300953,-4.49354846827993,0.811226202201107,1.0343383124135803,D,5.059793640295803
-0.5121368015725667,-2.9448376177750375,0.22815582400609094,-3.757121010734585,-2.6352641574789972,D,5.481512861210178
-1.6863847714705513,1.8958437581806744,-0.814577415295573,-1.0060972060082327,4.391065341470696,D,5.23405578298443
0.7473801262343055,0.7188218946759616,-0.7839330193337192,-1.2645780353825693,-4.63617188828066,D,4.978260773946372
4.007089492190573,1.8543841740743712,-0.7411005786428756,-0.5676232766726224,3.044980405832157,D,5.444156388942986
-3.3145291640674377,-1.257584234275171,-2.4225153251947638,3.776729361241437,1.866834111555715,D,6.01539329177118
-3.7358362763675017,-2.5673875206028653,-0.22446244124842338,-0.801273518472002,-2.2461940464644603,D,5.126964179519769
4.343527716949837,0.6980420293827321,1.0604781494048574,-1.5455802536381582,1.613162635908697,D,5.046704035149027
-0.800441642138338,-0.5961623143750312,1.2855659717891619,-3.427458462437399,3.360193268792222,D,5.068250833447633
0.4491165016180662,3.1542061447347023,-2.6481212696419925,-2.273208377737895,-2.8610713826701577,D,5.524171800332608
0.697834834892671,0.18396274367860255,-1.2947892872713955,-2.8272448571043074,-3.5312953147065347,D,4.760320905986831
-0.13484924169022142,-1.2949458182827907,-1.9068924347986604,4.302950917862471,-0.2289740546481483,D,4.888672976115336
2.530843237086493,-1.0626236673993927,0.48777122875330975,-0.1105483104643798,-3.382890315279923,D,4.385022820349343
3.6095503064764873,-0.3415463560319309,1.8862716918116287,-1.900449980047437,-0.41657784114782836,D,4.526452854944011
-1.9907787929888667,2.8385451564893245,0.7151703721474799,0.8429605900509911,3.119151913330814,D,4.792879998920813
2.4687138124454244,1.6339567697517348,-3.0352958495689437,-1.4852298849711343,-2.143236183095288,D,4.9776252023758305
1.9033035673403575,0.4464431714326775,-3.6377246834721477,-0.4937744287124226,-3.9087527677356526,D,5.707633330308048
-0.10624749612453639,-3.3087058624194206,1.0570035586285067,0.7554596645300202,3.813546709230589,D,5.214397121970091
1.8636853376837401,-0.929595385816549,1.7981758087191255,-3.0721638648057046,-2.115582719283616,D,4.635168595924084
0.6501590513567371,-4.2120276404900014,-0.07252277435064322,-1.9911399784530048,0.19771026672553615,D,4.708807805854353
-3.291144351266536,1.2955504847687074,0.059021244623051826,4.276376446463039,0.020565626928579037,D,5.549899473292262
-2.4303942747389136,-0.7806356432969225,-4.250380569644325,1.284177321667332,1.86506482900057,D,5.450644139451677
4.699796805374572,-1.183584761469099,-0.5097124987860344,-1.095882236003499,0.40373112549132223,D,5.011259964089682
1.1241156226683504,-0.15719409065614734,3.199335126639663,-1.8170644445833248,2.904378164408594,D,4.822989413784467
1.1135908771663618,-0.024877367591956738,-0.651275706414108,5.018246701941605,-1.689539473334249,D,5.449973134281858
0.6080125393672897,-1.5310231865450954,3.644037957650011,1.8098069293173689,-1.38435482953086,D,4.602669149310127
2.2986282882639397,1.1555841986005297,-2.316698968016905,3.399833668301284,1.7457610710868419,D,5.156812159223009
2.36600739828702,-0.45981890733871833,4.728253127623556,2.5161619853416473,0.6481970179968486,D,5.909063596357332
-1.5077329270769035,3.9839059659455045,-2.470691750929297,1.005842744204446,-0.7532379457623132,D,5.082142272900583
3.519215269833131,-1.8070270666958839,-1.4705769734416525,-1.939702670368841,0.6469522963819075,D,4.689756208295358
-2.669550352188235,-0.9303778435342124,-4.184731932792411,0.46743862370515143,-0.972541503153338,D,5.164147481068615
-2.868934359170261,2.0930264450810645,-2.521147469963664,1.5364865244349766,-1.3515883149760788,D,4.811996512393861
3.0757665834477055,1.4394878255527819,-1.9359236800449309,-1.761227696300386,1.1628917807657368,D,4.442353662498634
-0.9165462711721407,-0.5915517537276229,4.444218661217565,-2.6153399038935796,0.3189098353668904,D,5.280414410748842
2.3989808461155393,2.0333132659671316,-0.40110683422963866,-0.7260208419493163,-4.3696454442814465,D,5.44713376021989
-3.3798303663746174,1.0187032259227833,-0.44120295235036344,0.23975575473534091,3.3254604117389728,D,4.875637331170972
-2.8622820379355893,-0.5693602959758919,0.4549258721663762,-1.6975196774744747,3.45086455374922,D,4.849105730361491
1.6607667085924351,0.5303222210873819,3.2795990447109813,-2.7397661683212062,-0.014122536689682594,D,4.615373843551268
1.088839222678512,-2.7182716752429217,0.8937940085972487,-3.289022196890309,2.0524979933980814,D,4.940025759812974
2.083152785213407,0.5362955540500678,-3.6486425339533954,-1.9038688054332131,1.112061402663233,D,4.775052646830724
0.0316201312749367,-4.0184041199036535,1.8538195553630483,0.2038383571476997,-1.2217408337730804,D,4.595586925318698
2.506167242715879,-1.7066375525997204,-1.734123763450116,0.9026449798445388,4.486210495711221,D,5.756867532159841
3.697891402996345,0.8192809584867508,1.0531322099169427,1.8027224753595221,-2.862913177633316,D,5.186597126699802
2.8901733795232376,-3.2936506606895843,1.428951652172511,-1.0206047956604711,2.2488282295745408,D,5.228958043211742
0.19893619497787732,-5.176282923583875,0.30132931694901083,1.081657214013476,0.7511319743783049,D,5.35335982757297
-0.2693808185355516,4.312158507954985,0.817635860395798,1.1492879503929039,2.742735157903717,D,5.3084144867039225
0.6321621809715078,-1.5656476049578343,-4.25111543446549,-0.8318356677024196,1.3266692507688527,D,4.834756018881313
-1.133042276327247,2.5708818979490324,0.4772502459089766,4.1332440539657265,-0.9473137500543295,D,5.109021049188588
0.9456964829267607,1.023093578550199,3.0368147651066857,-3.451475031445146,-0.9270773045659492,D,4.892387806295736
2.2449801168079735,4.0900895548205165,0.6351744758536041,-0.7744284699608166,2.00316254806499,D,5.175385449910665
1.8277170790597934,-0.7567143644495337,0.6949539042736654,2.4837840394938446,3.9774531468415133,D,5.136676354383265
3.8360452175597777,0.22800656170781863,-0.2793340090840894,2.8793214627986363,-0.5975266508478125,D,4.846935895654319
0.40749322926424164,-2.2731295130413463,2.7870735853537734,-2.449991214000825,-0.9285074526684663,D,4.4682805108312795
0.2230380594988269,4.550169205353822,-0.9659928554675711,-1.5221017665022278,-1.2588280718255336,D,5.058494822786203
1.8487839227736236,-3.134264141484699,-1.1175170780981496,3.043927467317516,0.6585177785911072,D,4.918292204877082
-2.0331907321569473,-0.07706004762486628,0.1240053028323623,1.5554768708625952,3.381653996428711,D,4.243851100916497
1.2496560053128356,-1.7360617054518308,2.5314130581499508,-2.245713293500123,-3.323409650747776,D,5.203064707555487
-3.38629800476134,-3.0115145414320024,-1.7248793343413051,-2.2662236687062323,0.6027086087066599,D,5.386136844897109
-1.9996849884354015,-5.241231234986784,-1.7404464958716614,-0.7867010320320879,-1.0094267209587309,D,6.011342590083581
3.954642390881495,-1.5967765753418854,2.2926493515547772,-0.049403207732827185,-0.11010025948083356,D,4.843520998671735
-3.413017626570742,-0.2401615511641794,-3.125865670978149,0.6946488793704507,-0.9652180823267994,D,4.784515241380373
-2.850170325839608,2.992784475291914,1.2878806853760933,-1.3519133450267877,0.438987616928661,D,4.556231587824303
-0.2980968944447929,-3.0854018635143357,0.25070478153995324,-2.2084956668531244,-3.3604553621971314,D,5.083456762594803
-2.6178480433067612,-0.5785053354644096,0.9146369933142667,-1.1206243773153317,4.066406929962219,D,5.080927272223342
1.5464217464723835,2.277381905653214,1.3885074038731624,3.2351327795645584,-1.3741184321317066,D,4.675481466085301
-4.7157430875772,-0.8215656027688215,1.0279911574448446,0.2790270943724228,0.5072984321873567,D,4.930028047198464
2.588651487080794,0.7487367847043318,1.5656684663424711,-1.8413067385263175,-2.146696214576773,D,4.208533733244257
4.440253949352301,0.27756928029774575,-1.7144365113727649,-1.7093894766165805,-1.7856679527733934,D,5.3705506991332985
-1.5198087265501041,-2.7507079675406736,-3.2164793071179463,-0.41803453525065587,-1.271066288966779,D,4.691728296131132
3.9543248618767706,1.046751187192533,0.9476073699799807,-2.6541253292059066,-0.4322645167724859,D,4.986137459434809
1.1863442211313875,2.353606868400315,-0.30855314479939633,3.54628350608522,0.026254962542851045,D,4.429322631480888
1.7337835370492514,-1.0711998252915969,-3.9637349950633975,0.5868425129873718,1.5861253580140855,D,4.7670585602153706
2.233166709095465,1.638685269268933,-1.3530136746260832,-3.131323935675117,2.1414911215883157,D,4.8881635385929885
1.2624992360300362,-1.6605439423064257,3.284454631651441,-2.613726793259251,-1.7275232348619258,D,4.995483661215668
4.436740328490673,2.3549334749176594,-0.9706488958017941,0.7791578707598146,0.4196788149173991,D,5.191893006209004
-5.235128045049239,-1.728395698873609,-0.09695046875314105,-0.679959686223913,0.47115640828029937,D,5.575630033394488
3.63167320040375,-1.03384787766243,-3.400723087316738,1.0445095499035688,-1.0502060931337678,D,5.293084377107743
-0.2617655875316083,-0.48939257813745707,3.7602385297003704,-3.7583372426974777,-0.6513531464859553,D,5.384865817258498
-0.014256810180787968,-3.0188459767086075,3.4775160996818166,3.1429600817841594,-0.18455510910959,D,5.578441643977254
-3.805538548589636,-1.5740574770745617,-1.473248299703485,-1.1018858452810758,-2.6431739826934955,D,5.227883152609079
0.5011832849619416,1.4953389654985092,-2.4424143243437344,-2.0858649795061064,-3.471302789023854,D,4.985317121752402
1.8655157996550216,0.5389929128085353,1.0879355520180276,-3.0779773209677077,3.84332746545996,D,5.403644762502022
-2.133044484093217,0.5892911782689728,2.993245905315731,-3.4577787367114623,-1.9139893590714594,D,5.429203714384663
0.26845272210956306,4.281346362573463,0.4511746177278398,2.4068077940204877,1.8064577332126266,D,5.259426335186413
0.6126121741584343,-1.6466762105169543,1.7641311356063514,-2.4938467501277355,2.6649153360429687,D,4.418148961185559
0.3369250047689099,-4.4645144134760235,-0.5736098642304626,1.1016276250160515,-0.39928575029180063,D,4.6634159387621406
2.037260975414745,-2.421967819580732,-3.7211262926136675,-0.20356887911079147,0.08993983145858253,D,4.890058358387806
-1.1815207079279986,4.162270492324869,-2.8834177445019806,1.0620788475307519,0.23051531505996403,D,5.31184840829436
-2.6771735428390553,-2.2684117196062417,0.020484056532861016,3.407183058848651,0.9962034579608946,D,4.991461432371776
-2.471773282697365,-4.45541616539096,1.0500149044115792,-0.13781474102856545,1.634732152355004,D,5.454747453380225
-3.444804258102571,1.3698069217091111,3.3096884711703494,-1.7501910770642641,-1.6665737713868323,D,5.526094651497711
0.11466945540919256,2.4632394081709936,-0.06506287774367679,4.421025861529193,-2.0967506128387714,D,5.479668187470883
-2.8863340994559774,4.295567610679749,-1.313746815922552,-1.2351096744800072,-0.14297730727045313,D,5.482216225792115
0.7133202190115926,-4.105756245596586,-0.18511083329740305,-0.42219016293152084,1.8562087062899737,D,4.585202438136513
-3.6333634661964798,2.8988095916541807,-0.22700098588182271,0.8948565156109822,-2.1239320056433946,D,5.193054199782311
-1.1567336270838562,-1.6511463678006104,3.6095073417202173,-1.4387047184072566,1.8617752155531104,D,4.756988383617833
-1.1614507294220007,-0.8082381103649304,-0.43847701484462065,2.2925522297036207,-3.3746951534340903,D,4.34037346745632
-2.0353722171507393,-3.012541326899057,-1.6823994187429525,-1.2555703842461177,-2.4976524404834057,D,4.885011547177665
-1.508981179252755,-4.141082292107332,-2.092393298134342,2.467366819565151,0.8295425614713093,D,5.5298947862509005
0.44830761006917946,-2.3980308326460964,-3.6733724213463064,-2.724162154467708,-0.1033313851010424,D,5.184296804047386
3.1820695279472972,3.3073861546755774,2.311340765456584,-2.703317201155593,0.08998083735151047,D,5.807123748642356
-0.596866109734337,-0.3736926806469234,3.7837898480128485,-3.2727638843492923,-0.43589200019096686,D,5.070892058107245
3.4692916222966574,-4.196913281880537,-1.843077832452061,-1.514661013172023,-0.6392885171725076,D,5.979121101437163
-3.875284919087526,1.4454668023421324,1.6178711578574496,1.234431148994231,-2.1134313998649303,D,5.071008490206821
0.1835479967713067,-1.9083221027804456,-0.7056628457776433,4.568964409484059,0.20303472778619083,D,5.008992118461495
-2.2147179408372786,0.3363225063012706,-2.5210776334116263,-2.2361350737316266,-1.9416778827789885,D,4.4882439648314
-1.4226421068664472,3.000097205599153,1.8519831774184943,1.6745877720634197,-3.518665541669547,D,5.4442250961171075
-2.5546851358877722,1.2836851225574217,-2.9653004970857855,-1.3137257496060384,2.082953241640318,D,4.79914994842381
-0.813690222718012,0.5273993271789618,3.715851733696624,-0.4009483309934713,2.751407139300367,D,4.741180944236509
1.3646012126737035,-3.579383883080878,-2.688698617545448,-2.033583881941879,-2.0853971859765905,D,5.512492225505028
-0.3284904680560406,2.2361864967855913,4.566493910615795,1.1211968523951144,-1.621463037427661,D,5.4632890675183825
-3.8250534844652697,0.1296722472686779,0.0473395527487174,0.33603803991188974,3.869139473871342,D,5.452820546884271
3.2893056894774992,2.081502929304648,-2.5508420020767986,-1.3601493187958016,-0.25147007392814985,D,4.855123546378008
-2.0362071148142666,1.3142121021746416,0.9372371179085093,-2.857879432245438,3.1428221675167194,D,4.9796096538779
0.25365874781246883,-4.286898552991778,-0.12729471864717976,0.6971971924111626,2.4118511111920036,D,4.97605824092166
-0.8390618990308633,2.0584889744244967,0.46528797081232626,-3.2695981329822827,-3.5185053218613254,D,5.313007272268959
2.5449346412997698,2.711393527371742,0.7320615214430353,3.3908889398028506,2.3954205728080695,D,5.621425867397693
1.6175807900493082,-2.156316571201901,4.096852233141943,1.2689795747411858,-0.9129595684823215,D,5.147258622079363
-1.7840326032486085,0.6855172827888646,-4.461106836516803,1.8678676656765278,-2.5456797543132135,D,5.789956434142943
1.9126100776605621,-2.691944105348565,-1.3645947906635758,-3.906210943748157,-0.8320622985561427,D,5.358877767213224
3.685114255544022,2.701470430954137,0.6913885847328354,-0.049334851122637316,1.6465605594848616,D,4.906080242354233
2.3535190561745125,-1.7283580046641727,-0.16129081930939126,-3.7948015586984476,2.3392136929538236,D,5.331484562451589
3.7154282961210616,0.14408607959091382,-3.823355933067279,1.0955266244905257,-1.6266532742170787,D,5.682376111483509
-3.082350015428739,2.911478661824972,1.1828229036159792,-2.268068677981747,-3.0184874003182762,D,5.799315593336535
0.5379861924430122,-1.750585816967293,-4.74231539582375,-1.4218055344813234,1.4518584681168918,D,5.474756537839632
-0.2726924379449093,-2.1642088870888743,1.514346956317769,-4.193366817322099,-0.6834252275483694,D,5.0102697814632
-1.9275542758768045,0.46053457169787637,1.7456245033786064,3.501944108572841,-2.2141284772680017,D,4.913322698377632
1.0230379289122022,0.34152006501226356,-2.985036517803764,3.3146664039906106,-2.5093178445047384,D,5.230427801424557
2.060011667980135,1.914963667509022,1.3535606193481555,-2.4287026763166706,4.062362799963,D,5.669589798108417
-4.378230190082496,-0.1847087912057059,-1.582174182384302,-1.900428166542752,1.2030220690364406,D,5.1735076488857805
3.405654301740425,-1.0849501085619664,2.4675478970394895,0.1572184544995613,-2.821714928094518,D,5.181812748747524
-1.3803680359165078,-1.602626075495313,-3.7280064799792956,2.292922423000715,1.255652137525484,D,5.020559141726836
-3.111826608109848,-3.2309203852754655,0.8308205024488113,-1.5949646267898612,0.5908904419420605,D,4.868843574947515
1.4418292489298177,-2.3465525359066244,-2.606112694955563,3.091493086830642,0.6491030099868182,D,4.935146197342433
-1.1315669571094833,-2.520786424933973,-1.3777241996654306,-3.213458175275204,2.384406211080375,D,5.054170394098213
-2.45801079510405,3.4604645389655375,-1.2677808137825577,-3.3016571684487586,-1.349021369898093,D,5.687239998495929
-3.850897194946823,-0.17722477745658546,-0.2496455337924483,1.2102887501145465,-2.768103924744411,D,4.9041144885876795
2.713623465980399,1.9165693904913144,2.924238887815975,-0.1231346116065109,2.36802986451864,D,5.021044830364551
-2.5414017472482446,1.2317061514520073,-1.332093347204357,-2.852603241034833,-1.9418210774232483,D,4.653848935837397
0.00996237001654339,-1.484680509208368,0.6773620997953371,-3.2568938889776877,-3.83120623277098,D,5.286652426589262
3.459822250797596,2.27850220730722,-2.645302959110527,-0.007562174474665576,2.570202206733966,D,5.546671671487313
1.703939676233649,0.6024877100038436,4.451511886748294,-2.970153081340743,0.1267321532278069,D,5.649799138382703
-0.18782659922939868,-2.870357221297816,-4.102040860015983,0.7668144246611036,0.36208044855251864,D,5.081345809878284
-3.259180981244443,2.492492447137158,-3.0352272015904997,-0.6784085644863093,-0.9179198084624792,D,5.229741713311694
0.6519223695766455,-3.8577976128946956,1.6218882387556832,-1.2324509890265718,2.2209252680297444,D,4.938579871131985
-1.062005512645578,-0.1084817280551987,4.250523659035456,-0.6159688666084406,2.7514887424978896,D,5.211207471877809
0.17111930434425207,1.8206178888706899,0.3066010736020893,3.715801319982448,-3.0044163305377287,D,5.125586060999686
-3.5496119713391736,-2.3034409756745773,0.3596704198902875,-0.7965267833349976,2.562068988964263,D,5.023305754900595
2.153700102537464,-1.6108010001217279,-1.2115177304057272,-2.370777825749062,3.3515047721959665,D,5.055101476910852
1.0234559187724115,1.6117679180650952,-4.502072599987989,-0.00393026600114535,1.7106827735390926,D,5.180768913357459
-0.4230965033432992,1.8006466490829844,3.869823559123183,-1.5853087189657493,-1.7108936981113358,D,4.882339026061774
-2.0386229986830666,3.730460747204529,2.42091123667332,-0.31476868935001956,0.08491125906019775,D,4.903001283168787
-3.2477310034861664,3.540005336409077,-1.5110263467307343,-1.034431735633804,2.4214081797565643,D,5.682944805468622
-0.6172180906823617,-0.7714317383259836,0.034720127210764694,2.6112817447134056,5.405705721299751,D,6.084218707538554
1.8911340801456904,2.5947235335213024,-0.6455332458375135,-2.2862034787012098,2.1123906654154747,D,4.518253220586383
0.49408998057915166,-4.104783792484512,-0.9465962000887403,-0.23918705611006286,-1.47285040348804,D,4.496211518249576
3.2661749035290466,1.057704374408217,3.0268756932638743,0.5806656610889658,0.17940239119804602,D,4.61713886887674
-2.6647288191418594,0.033940897907397585,0.03713992419823966,-3.889596684231179,-1.535017881083868,D,4.9586846339845785
-1.6936577572209948,2.1661940372170343,2.416985014180459,-3.0454919655889574,2.4563791652089053,D,5.3583122044149025
-0.269726840011353,-4.250978101128273,-0.7180245835866467,1.5983848178098985,-2.4913819181119945,D,5.236501176819308
0.26059191826864747,3.6658253638095193,-1.7588736986925246,0.00496962486067399,-3.015462579788662,D,5.068812454712188
3.8199064854206157,-0.19562238833880233,0.10945597993009741,3.1792048461561824,1.5528129624465488,D,5.211574218783159
-1.647339230600485,-1.217737926906879,0.9311249438660246,-1.1741724094838044,-3.9832155334117454,D,4.7231655373486525
-0.10973938520560858,-3.0509990750996754,3.331463285468825,0.36439285615525197,-1.8657374939823486,D,4.902350891298952
-1.0383784502617044,-2.8082145890305226,-1.6341319213889383,1.5105627650115667,3.3171072375615567,D,4.991962180649681
1.3079508235858552,-0.16573195494033738,-0.7777868022164153,-1.722268023581448,3.7088180566439095,D,4.366313464451259
-0.2717013315837141,3.045421962050075,2.005953432310202,-2.505854099875171,-0.9586299185738424,D,4.5354759181109605
-0.9354855842816084,-0.11164437177605592,-0.08433379495038275,4.189461038621525,-1.5062229902682014,D,4.551373575488935
0.9801256663403385,2.6390148564129103,-0.006729101457753181,0.4716375182722823,-4.472395079987867,D,5.30564328947351
0.33033955982319246,1.5864527784149964,1.0162766470313878,1.7688670001957516,4.382166851205939,D,5.098141979428966
3.0104703047971078,0.22906935010454485,-3.764855589758188,-1.9278149020657236,-0.7056741423283481,D,5.244424480029577
0.46712407217899876,-0.8854544821304662,-1.7321605835629394,-2.199506158945121,-3.056539014737145,D,4.264138004079014
-0.45595411534991925,-2.8520876751340287,-1.9416575301794652,-0.7644206937116671,-2.5925310509759227,D,4.406573325579358
1.6470157307089335,3.2104068571979005,-2.3829090966508404,-1.8954225207460909,2.330876061754109,D,5.265286176102598
-1.4438227859619248,-1.5828246738476215,2.4195288915356805,1.7879820312016357,1.2164391655397147,D,3.88853214333358
1.8224799384387633,-3.8930176078337277,2.6655349871311396,0.7719218861981599,1.9901037092652583,D,5.489851743039922
2.437694679014833,0.30804638068032336,-1.7334350606365976,2.3116586973238613,-1.9628647757149174,D,4.270673142590885
1.6239025509099903,-2.968454819533731,-1.0133548134497792,3.8261149133063475,-1.171473280337873,D,5.337337956769991
-0.8976305350037778,-3.3191689203560317,1.2630326323133103,-2.76891041735205,-0.6980368856953588,D,4.644566150097214
2.418045872070336,-1.9904683818860238,2.2464048005884076,2.3421681948642594,3.0051040084186336,D,5.419561486068632
0.2496627534732697,5.757904776112971,1.873316653710742,0.5771258578222256,-1.5560278421370082,D,6.283264365566597
-0.142453617147288,2.093419194374796,2.509082865121322,2.1697426779310662,1.1524262478409337,D,4.0907289479515505
-2.7944619919564824,1.0841748245431069,-2.762731306447811,-3.3103555350341587,0.5322457865166154,D,5.278150859144259
1.3906104112797788,2.4010835734148466,1.3213370834257738,1.412900969452208,-2.6171054715927107,D,4.276734914562504
-0.19938164499060626,-2.8624586956178755,-3.8049880670460343,1.406698661539863,-1.4304050558240557,D,5.170707568887002
2.413942828435317,3.066466796751594,-1.7134661098304074,1.6332145324576492,-1.8292232474766799,D,4.917291134579243
-3.351912273289017,0.2239162665785401,-0.8550549866981715,-0.7991530626433176,3.587005047664351,D,5.051912928984738
-3.3801254021962004,0.848147935935057,-2.2037276432942816,2.01200865876751,0.6610940695094506,D,4.6353254894687055
0.8501675865704553,-2.117639362514714,-1.7157973486457514,2.078107470637839,3.9686233066010304,D,5.3122164437986
0.7994424389277514,-1.4937008810392653,0.5641420550046365,4.040375987985207,0.1704763875719799,D,4.420656864811847
4.47191537794399,-2.2647405526830044,-0.12874538312451753,1.895311076515654,1.2154664855586481,D,5.496654905159496
-1.5226171814103724,-1.608302968018663,1.9634669082869827,2.3673049810723343,3.0042403053519737,D,4.836299877355927
3.3531601072262083,0.2502316623200683,-0.5784595918988366,2.5112325353953437,1.325458764509395,D,4.4389237290387635
-3.646215686829725,-3.8361630667976416,1.825715320047529,-0.6579247715127642,-0.09809028424197899,D,5.637974729336279
1.9754630407973188,1.39804492414594,2.449448695617545,-3.5576312268263695,0.4667250796629157,D,4.973062938876338
2.014691579564756,-4.427307450450103,-1.899286790413463,-2.437521744925261,0.06292765911191135,D,5.76305438817681
3.1601509773372043,3.9264504106786395,-1.5807754603089155,1.0222049654160281,1.0847936071305824,D,5.488542451725337
0.8586485785341377,0.8837990696392041,0.6728346955648996,3.7382181265829098,2.4421268527745514,D,4.680741718085426
-2.6547742231006737,1.9925973192054238,2.2346282340718147,0.7887223137554062,2.833245494831695,D,4.9660040796253
0.46495854732480135,0.4955983462816812,0.2997321120908944,-4.989523629765036,-0.19876173006575265,D,5.04841517586543
-1.8369460958696466,-3.261412806524145,3.941955892380656,1.3860100807784044,-0.082002305379812,D,5.610521279994576
-2.029784108351773,1.0643710152979293,3.5630121930655956,-2.9719408075482434,-0.01735215150041124,D,5.175007085346845
2.028738007119484,-4.524583171447318,-0.13454495157600313,-1.0032868688180097,-0.31277064519175796,D,5.070517048438582
-1.2099186361488345,0.33194795734372123,4.639752648505702,-0.7812949101386943,0.7036014632529619,D,4.920048165160677
3.029690259032269,-0.835382795894593,2.7561920538956888,0.008084767656719472,2.7064059813752754,D,4.979777185658144
4.030014860990165,1.649759276527446,-0.3525622856921038,-3.352296061628638,0.40714558074766444,D,5.521836834271329
3.211074642323009,-0.046917307596377716,-1.1329876609873717,-0.8973880348228555,3.55143008978285,D,5.001482140318989
2.6880444683623828,-1.4637501372862123,-1.46690371652241,0.8323259283830458,3.3514555161892887,D,4.84200109148073
2.774802896393968,-3.031127854238891,-0.6394109628033706,-2.253283836884504,-0.6477319356436114,D,4.774197133754526
2.7126613121178993,-2.4052665790437255,-2.737101651986217,-1.4008805745214292,0.48577131661800166,D,4.778493938465536
1.0825518021394354,0.7628786370335529,2.05031086299582,-3.074694587782477,2.072373533596917,D,4.439161601582894
-0.9390634873568381,2.200992944864265,-3.982054252939875,0.014914203706797807,0.7109150299238619,D,4.699849876669409
2.8155483808237856,-3.8618707152861393,0.07491690288339696,-2.6437635508436843,1.2314490946631622,D,5.599368110260129
1.6665767181566833,2.760064741094409,-1.1472576692000767,1.9882413729296802,2.918166038686387,D,4.917360295773001
-3.691830575927356,1.3757358087397498,2.1534566738845755,-0.5812723233856624,-2.72020639382363,D,5.281764667422439
2.229845702655788,-2.8365271510324006,-0.42175486731996764,-0.09488298606394051,1.6920618378337797,D,4.008497392839665
-1.2278997437771808,-1.3414583471660408,0.19382728045696507,1.9720465572630799,4.482313772849381,D,5.2273245235863515
-3.1807721850335966,0.6653689074829682,-2.2925794298582045,2.149682838278229,-1.9803208099273502,D,4.935458918252356
-3.0288654292322104,-2.6455596937344255,-0.3420987783150492,1.4510110625856778,2.1716005314881515,D,4.807423990843796
-0.015311306504230996,-3.5305081947322385,1.9320793390779907,-0.14059121603908883,3.0840979652042755,D,5.072383982968453
-1.5552162779696623,-3.5209088579076657,-0.07477023272038777,2.847783355575429,0.3536613195908605,D,4.801669898475189
-0.35422502932932687,-1.5440427101822172,3.118372837522065,-1.826570722670369,-1.2868886694338861,D,4.150450032044657
1.1919523417942588,-3.8809745501707833,2.6651933144839846,1.3051996693081929,1.880309267799479,D,5.368899176468775
1.8218005264583301,-0.5259379353111562,-3.4703204496467857,-0.4572329943430141,-3.183357590132908,D,5.097207024539277
1.1758938268341697,1.9514081255366207,3.572048102423373,0.8992173169395824,2.2363274281473178,D,4.87442301810086
-1.5691804978471557,-2.5257157993928665,2.501396122228593,-2.040910098113701,1.4215331358832326,D,4.613525851171024
-2.3222628227290776,-1.929312344247172,1.3904996774383929,1.9403906456265594,-2.156963366474045,D,4.412056993557146
1.8527822267532714,-1.4718492747520164,0.045600722552836905,3.914753068558433,2.2309365787289654,D,5.089557082827223
1.7949387111628883,4.304915561110761,-1.5874666984797516,-2.223454504760783,-1.6286101741653232,D,5.6453763840901425
-0.5048071533055455,-4.6702910538272056,-0.4114374234624839,-1.080165277360076,1.5546007836100202,D,5.0812665906964165
1.1231794172344673,-1.9144522931965455,1.8802367802452273,2.3050780701163887,-2.4493965533925084,D,4.44689535756287
